Timestamp,Speed_40m,Speed_60m,Speed_80m,Dir_40m,Dir_60m,Temp_2m,Pressure_hPa,Speed_SD_40m,Speed_SD_60m
2025-01-01T00:00:00.0000000Z,6.6,,8.56,191.3,198.4,,,0.88,0.86
2025-01-01T00:10:00.0000000Z,6.4,7.5,8.6,193.9,199.4,12.96,1015.58,0.72,0.73
2025-01-01T00:20:00.0000000Z,6.7,7.51,8.61,201.2,208.7,13,1015.27,0.59,0.95
2025-01-01T00:30:00.0000000Z,6.97,7.99,9.08,195.1,203.4,12.82,1016.62,0.86,0.86
2025-01-01T00:40:00.0000000Z,6.69,7.51,8.6,199.3,206.8,14.03,1014.99,0.79,1
2025-01-01T00:50:00.0000000Z,7.12,8.07,9.15,199.2,203.4,13.07,1016.38,0.83,0.66
2025-01-01T01:00:00.0000000Z,6.91,8.02,9.09,202.1,210,13.41,1015.04,0.82,0.86
2025-01-01T01:10:00.0000000Z,6.88,7.85,8.91,207.7,215.5,13.72,1014.97,0.71,0.73
2025-01-01T01:20:00.0000000Z,6.97,8.06,9.11,202.7,209.5,13.61,1016.36,0.75,0.86
2025-01-01T01:30:00.0000000Z,7.31,8.11,9.15,211.7,215.8,13.79,1015.02,0.84,0.62
2025-01-01T01:40:00.0000000Z,7.64,8.81,9.83,209.4,215.7,14.9,1014.96,0.72,0.67
2025-01-01T01:50:00.0000000Z,7.44,8.56,9.57,211.4,217.8,14.62,1016.49,0.81,0.97
2025-01-01T02:00:00.0000000Z,7.26,8.41,9.4,216.9,222.9,15.43,1015.13,0.6,0.83
2025-01-01T02:10:00.0000000Z,7.52,8.63,9.61,210,214.8,14.88,1015.87,0.78,1.09
2025-01-01T02:20:00.0000000Z,7.85,8.92,9.88,216.8,222.5,15.57,1016.56,0.84,0.61
2025-01-01T02:30:00.0000000Z,7.67,8.84,9.78,211,216.3,15.33,1014.81,0.65,0.9
2025-01-01T02:40:00.0000000Z,7.77,8.61,9.53,221.7,226.4,15.27,1015.28,0.7,0.98
2025-01-01T02:50:00.0000000Z,8.07,8.87,9.78,213.1,222.1,16.64,1015.1,0.97,1.02
2025-01-01T03:00:00.0000000Z,7.8,8.82,9.71,219.9,227.7,15.77,1015.16,0.63,0.61
2025-01-01T03:10:00.0000000Z,7.82,8.99,9.86,224.2,232.9,15.86,1016.18,0.63,0.75
2025-01-01T03:20:00.0000000Z,8.06,9.08,9.93,222.2,226.9,16.73,1015.25,0.95,0.82
2025-01-01T03:30:00.0000000Z,7.97,9.16,9.99,220.4,227.7,17.43,1015.95,0.61,0.65
2025-01-01T03:40:00.0000000Z,7.8,8.67,9.49,225.7,234,16.79,1015.51,0.73,0.66
2025-01-01T03:50:00.0000000Z,8.37,9.56,10.36,225.7,230.7,16.85,1015.37,0.83,1.07
2025-01-01T04:00:00.0000000Z,8.35,9.45,10.24,220,226,17.31,1015.79,0.66,1.04
2025-01-01T04:10:00.0000000Z,8.27,9.15,9.92,220.3,225.7,17.93,1015.44,0.59,0.81
2025-01-01T04:20:00.0000000Z,8.37,9.52,10.28,225.6,235.3,18.26,1015.07,0.95,1.08
2025-01-01T04:30:00.0000000Z,7.99,9.03,9.78,220,227.8,17.75,1015.45,0.6,1
2025-01-01T04:40:00.0000000Z,8.11,9.12,9.85,225.2,230.4,17.95,1015.53,0.81,0.7
2025-01-01T04:50:00.0000000Z,8.46,9.28,10,218.5,223.8,17.78,1014.36,0.68,0.74
2025-01-01T05:00:00.0000000Z,8.42,9.41,10.13,221.5,228.2,18.6,1015.18,1,0.78
2025-01-01T05:10:00.0000000Z,8.39,9.31,10.02,219.5,229.1,18.49,1015.02,0.72,1.08
2025-01-01T05:20:00.0000000Z,7.91,8.9,9.61,226.2,232.1,19.12,1015.43,0.95,0.61
2025-01-01T05:30:00.0000000Z,8.02,9.05,9.75,217.2,226.5,18.49,1014.99,0.84,1.09
2025-01-01T05:40:00.0000000Z,7.99,9.17,9.87,224.1,228.3,18.52,1014.89,0.57,0.94
2025-01-01T05:50:00.0000000Z,8.1,9.05,9.75,219.5,224.8,19.05,1014.79,0.82,0.76
2025-01-01T06:00:00.0000000Z,8.14,8.98,9.68,216.8,225.9,18.7,1015.32,0.71,0.6
2025-01-01T06:10:00.0000000Z,8.05,8.99,9.69,216.3,221.4,19.35,1013.67,0.98,0.69
2025-01-01T06:20:00.0000000Z,8.05,8.93,9.64,220.4,228.3,19.8,1014.04,0.83,0.81
2025-01-01T06:30:00.0000000Z,7.86,8.74,9.46,221.1,228.4,19.43,1014.52,0.74,0.93
2025-01-01T06:40:00.0000000Z,8.14,9.22,9.94,214.5,220.4,19.54,1014.69,0.86,0.76
2025-01-01T06:50:00.0000000Z,7.85,8.95,9.68,215.8,225.7,19.59,1014.69,0.57,0.81
2025-01-01T07:00:00.0000000Z,7.68,8.55,9.29,215.9,222.3,18.94,1014.77,0.76,0.75
2025-01-01T07:10:00.0000000Z,7.65,8.74,9.5,213.3,217.9,19.32,1014.4,0.76,1.05
2025-01-01T07:20:00.0000000Z,7.86,8.86,9.63,210.1,219.8,20.45,1014.02,0.84,1.02
2025-01-01T07:30:00.0000000Z,7.52,8.45,9.23,207.4,212.1,20.58,1013.91,0.96,0.88
2025-01-01T07:40:00.0000000Z,7.23,8.18,8.98,206.8,213,19.47,1012.7,0.84,0.61
2025-01-01T07:50:00.0000000Z,7.2,8.37,9.18,212.4,221.4,19.98,1013.67,0.61,1
2025-01-01T08:00:00.0000000Z,7.15,8.17,9,203.3,207.3,20.43,1012.67,0.79,0.99
2025-01-01T08:10:00.0000000Z,7.21,8.3,9.15,210.4,218.5,20.86,1013.03,0.73,1.03
2025-01-01T08:20:00.0000000Z,7.28,8.42,9.29,209.4,218.3,20.59,1012.46,0.91,1.07
2025-01-01T08:30:00.0000000Z,7.22,8.09,8.97,205.6,215.4,20.86,1013.67,0.75,1.05
2025-01-01T08:40:00.0000000Z,6.74,7.65,8.55,205.2,211.4,20.57,1013.75,0.96,0.63
2025-01-01T08:50:00.0000000Z,7.04,7.98,8.9,204,210.3,19.92,1013.75,0.61,1.04
2025-01-01T09:00:00.0000000Z,6.75,7.94,8.88,194.3,201.6,20.79,1012.46,0.61,0.7
2025-01-01T09:10:00.0000000Z,6.79,7.64,8.6,193.9,200.7,20.42,1012.8,0.99,0.95
2025-01-01T09:20:00.0000000Z,6.42,7.62,8.59,195.7,203.4,20.68,1011.75,0.68,1.04
2025-01-01T09:30:00.0000000Z,6.71,7.86,8.85,198.9,204.8,20.27,1012.3,0.92,1.04
2025-01-01T09:40:00.0000000Z,6.1,7.23,8.24,192.3,201.3,21.12,1013.06,0.66,1.04
2025-01-01T09:50:00.0000000Z,6.05,7.1,8.12,192.3,199.1,21.11,1012.16,0.85,0.74
2025-01-01T10:00:00.0000000Z,6.1,6.96,8,185.8,190.5,20.72,1012.16,0.71,0.83
2025-01-01T10:10:00.0000000Z,6.19,7.05,8.1,189.4,198.1,20.52,1012.58,0.98,0.77
2025-01-01T10:20:00.0000000Z,5.86,6.77,7.83,185.7,193,20.16,1011.26,0.97,0.79
2025-01-01T10:30:00.0000000Z,6.05,7.09,8.16,185,194.5,20.65,1012.37,0.6,0.84
2025-01-01T10:40:00.0000000Z,5.64,6.71,7.79,188.2,192.8,20.44,1012.07,0.72,0.87
2025-01-01T10:50:00.0000000Z,5.72,6.91,8,178.9,186.7,20.38,1011.51,0.79,0.76
2025-01-01T11:00:00.0000000Z,5.74,6.65,7.74,177.7,184.6,20.04,1010.76,0.63,0.71
2025-01-01T11:10:00.0000000Z,5.4,6.49,7.59,178.3,187.6,20.01,1011.21,0.57,1.03
2025-01-01T11:20:00.0000000Z,5.22,6.08,7.18,179.1,187.1,21.23,1011.85,0.57,0.88
2025-01-01T11:30:00.0000000Z,5.66,6.81,7.91,172.9,177.6,21.39,1010.71,0.61,0.73
2025-01-01T11:40:00.0000000Z,5.09,5.95,7.05,173.5,178.4,20.85,1011.18,0.74,0.64
2025-01-01T11:50:00.0000000Z,5.28,6.37,7.47,178.7,186.1,20.37,1010.81,0.78,0.62
2025-01-01T12:00:00.0000000Z,5.48,6.4,7.49,174.7,179.4,21.15,1011.35,0.76,1
2025-01-01T12:10:00.0000000Z,4.99,6.03,7.12,173.6,178.7,19.81,1009.77,0.66,1.06
2025-01-01T12:20:00.0000000Z,5.16,6,7.08,175,184.3,19.98,1011.15,0.65,0.81
2025-01-01T12:30:00.0000000Z,5.18,6.18,7.25,167.7,172.6,21.1,1010.3,0.64,0.81
2025-01-01T12:40:00.0000000Z,4.92,5.74,6.8,167.1,175.3,20.64,1009.34,0.71,0.71
2025-01-01T12:50:00.0000000Z,5.07,6.05,7.1,173.8,178,19.57,1009.64,0.56,0.83
2025-01-01T13:00:00.0000000Z,4.91,6.1,7.14,173.6,179.2,20.44,1010.18,0.93,0.63
2025-01-01T13:10:00.0000000Z,4.64,5.51,6.53,167.3,173.8,20.39,1009.51,0.92,0.98
2025-01-01T13:20:00.0000000Z,4.8,5.67,6.68,171.2,175.2,20.58,1009.78,0.64,0.89
2025-01-01T13:30:00.0000000Z,4.98,6.01,7,164.6,173.1,20.63,1009,0.72,0.84
2025-01-01T13:40:00.0000000Z,4.8,5.88,6.86,168.9,172.9,19.87,1010.26,0.88,0.97
2025-01-01T13:50:00.0000000Z,4.63,5.48,6.44,168.3,175.5,19.95,1010.15,0.79,0.79
2025-01-01T14:00:00.0000000Z,4.88,5.75,6.69,168.4,177.7,19.56,1008.35,0.82,1.08
2025-01-01T14:10:00.0000000Z,4.96,5.91,6.84,167.3,171.8,19.45,1008.36,0.6,1.05
2025-01-01T14:20:00.0000000Z,4.98,6.14,7.05,171.6,181.5,19.69,1009.52,0.66,0.83
2025-01-01T14:30:00.0000000Z,4.77,5.6,6.49,170.3,178.8,19.96,1009.13,0.98,0.99
2025-01-01T14:40:00.0000000Z,4.56,5.69,6.56,163.6,172.4,19.28,1008.68,0.57,0.82
2025-01-01T14:50:00.0000000Z,4.61,5.69,6.54,165.2,170,18.97,1008.84,0.69,0.65
2025-01-01T15:00:00.0000000Z,4.58,5.67,6.51,170.5,178.8,19.72,1008.52,0.87,1
2025-01-01T15:10:00.0000000Z,5.15,6.02,6.84,168.2,174.4,18.42,1008.92,0.56,0.65
2025-01-01T15:20:00.0000000Z,4.88,5.98,6.78,164.5,172.1,19.44,1007.85,0.71,0.76
2025-01-01T15:30:00.0000000Z,5.2,6.21,7,173.6,183.4,18.68,1007.35,0.57,0.99
2025-01-01T15:40:00.0000000Z,5.18,6.26,7.03,173,178.2,19.09,1007.46,0.9,0.85
2025-01-01T15:50:00.0000000Z,4.83,5.75,6.51,175,181.2,17.6,1008.13,0.65,0.74
2025-01-01T16:00:00.0000000Z,5.22,6.08,6.83,174.4,182.4,18.33,1008.05,0.6,0.95
2025-01-01T16:10:00.0000000Z,5.09,,6.8,176.7,183.5,18.25,1008.01,0.66,1.01
2025-01-01T16:20:00.0000000Z,5.02,6.09,6.82,175.1,182.1,17.24,1008.03,0.62,0.69
2025-01-01T16:30:00.0000000Z,5.58,6.59,7.31,175.2,183.2,17.61,1008.21,0.67,0.7
2025-01-01T16:40:00.0000000Z,5.26,6.3,7.01,174.3,180.8,17.37,1006.96,0.62,0.63
2025-01-01T16:50:00.0000000Z,5.5,6.32,7.03,181.1,188.1,17.2,1006.72,0.93,0.78
2025-01-01T17:00:00.0000000Z,5.26,6.08,6.78,176.1,182.2,16.59,1007.31,0.63,1.02
2025-01-01T17:10:00.0000000Z,5.89,6.9,7.6,182.1,186.6,16.6,1006.72,0.66,0.78
2025-01-01T17:20:00.0000000Z,5.47,6.53,7.23,178.1,182.5,16.81,1007.29,0.75,0.98
2025-01-01T17:30:00.0000000Z,5.78,6.79,7.49,187,191.3,17.42,1006.85,0.91,0.93
2025-01-01T17:40:00.0000000Z,5.96,6.81,7.51,185.3,191.7,16.93,1007.22,0.6,0.9
2025-01-01T17:50:00.0000000Z,5.89,6.87,7.58,184.9,194,16.62,1005.55,0.94,0.67
2025-01-01T18:00:00.0000000Z,6.2,7.2,7.92,185.8,194.2,15.64,1006.73,0.96,0.72
2025-01-01T18:10:00.0000000Z,6.18,7.17,7.89,191.9,199.2,16.43,1005.46,0.94,0.77
2025-01-01T18:20:00.0000000Z,6.35,7.16,7.89,189.3,193.7,16.32,1006.62,0.81,0.71
2025-01-01T18:30:00.0000000Z,6.33,7.35,8.09,193.2,197.3,15.48,1006.02,0.58,0.83
2025-01-01T18:40:00.0000000Z,6.5,7.61,8.36,190.8,197.7,15.12,1004.98,0.78,1.05
2025-01-01T18:50:00.0000000Z,6.33,7.27,8.04,197.8,203.6,14.64,1005.75,0.91,0.74
2025-01-01T19:00:00.0000000Z,6.64,7.47,8.25,192.6,200.5,15.29,1006.05,0.69,1.07
2025-01-01T19:10:00.0000000Z,6.93,7.78,8.58,194.8,202.3,14.31,1006.13,0.92,0.61
2025-01-01T19:20:00.0000000Z,6.71,7.65,8.46,203.3,207.5,15.25,1005.1,0.57,0.93
2025-01-01T19:30:00.0000000Z,6.88,7.88,8.71,204.4,211.3,13.81,1004.83,0.61,1.09
2025-01-01T19:40:00.0000000Z,7.11,8.06,8.91,201.8,207.8,14.22,1004.97,0.91,1.04
2025-01-01T19:50:00.0000000Z,7.03,7.95,8.81,204.7,209.6,14.65,1005.75,0.89,0.77
2025-01-01T20:00:00.0000000Z,7.15,8.26,9.14,209.5,217.9,14.14,1005.39,0.72,0.7
2025-01-01T20:10:00.0000000Z,6.93,7.91,8.81,203.1,208,14.36,1005.34,0.95,0.91
2025-01-01T20:20:00.0000000Z,7.01,7.89,8.81,211.7,220.3,13.44,1004.67,0.8,1.08
2025-01-01T20:30:00.0000000Z,7.42,8.22,9.16,210.2,217.7,13.76,1005.3,0.9,0.9
2025-01-01T20:40:00.0000000Z,7.61,8.61,9.56,215.5,221.3,12.92,1004.28,0.69,1.08
2025-01-01T20:50:00.0000000Z,7.84,8.73,9.7,210.4,214.5,12.6,1004.65,0.97,0.93
2025-01-01T21:00:00.0000000Z,7.58,8.76,9.75,209.8,217.9,12.05,1003.38,0.94,0.62
2025-01-01T21:10:00.0000000Z,7.51,8.68,9.68,211.4,219.4,12.06,1004.73,0.72,0.66
2025-01-01T21:20:00.0000000Z,7.86,8.87,9.89,214.8,221.6,12.81,1004.25,0.65,0.91
2025-01-01T21:30:00.0000000Z,8.05,9.2,10.23,219.4,224.9,11.6,1004.09,0.85,1.05
2025-01-01T21:40:00.0000000Z,7.62,8.78,9.83,214.1,223.3,12.27,1003.19,0.79,0.97
2025-01-01T21:50:00.0000000Z,8,9.17,10.23,214.3,221.1,11.24,1004.09,0.89,0.7
2025-01-01T22:00:00.0000000Z,8.17,9.05,10.12,217.7,226.5,11.09,1003.68,0.91,1.02
2025-01-01T22:10:00.0000000Z,8.15,9.16,10.24,223,228.2,10.88,1003.88,0.94,0.93
2025-01-01T22:20:00.0000000Z,7.92,8.83,9.92,221.6,227.5,11.32,1003.6,0.71,0.89
2025-01-01T22:30:00.0000000Z,8.39,9.46,10.55,224.7,234.3,10.91,1003.96,0.74,0.72
2025-01-01T22:40:00.0000000Z,7.9,8.93,10.03,220.9,230.8,10.27,1004.06,0.85,0.9
2025-01-01T22:50:00.0000000Z,7.92,8.84,9.94,218.7,224.1,10.22,1003.01,0.78,1.1
2025-01-01T23:00:00.0000000Z,7.91,8.88,9.98,219.4,229,9.65,1003.13,0.79,0.76
2025-01-01T23:10:00.0000000Z,8.39,9.49,10.59,225.8,233.1,10.32,1003.85,0.7,1.08
2025-01-01T23:20:00.0000000Z,7.95,8.97,10.07,218.7,226.5,9.5,1003.8,0.75,0.81
2025-01-01T23:30:00.0000000Z,8.26,9.46,10.55,220.1,226.1,9.56,1002.37,0.67,0.94
2025-01-01T23:40:00.0000000Z,8,9.14,10.23,226.6,231.1,9.69,1002.95,0.64,0.95
2025-01-01T23:50:00.0000000Z,7.92,8.76,9.84,219.3,226,8.73,1002.21,0.99,0.72
2025-01-02T00:00:00.0000000Z,8.46,9.34,10.41,219.1,227.6,8.83,1003.51,0.9,0.69
2025-01-02T00:10:00.0000000Z,8.45,9.56,10.62,220.6,225,8.62,1002.24,0.98,0.95
2025-01-02T00:20:00.0000000Z,8.14,8.99,10.04,220.9,229.6,8.12,1002.27,0.72,0.9
2025-01-02T00:30:00.0000000Z,8.03,8.98,10.02,222.6,227.2,9.04,1001.76,0.71,0.85
2025-01-02T00:40:00.0000000Z,7.79,8.98,10.01,219.8,224.9,9.24,1002.63,0.74,0.75
2025-01-02T00:50:00.0000000Z,7.79,8.86,9.87,216.7,225.5,,1001.88,0.76,1.02
2025-01-02T01:00:00.0000000Z,7.8,8.77,9.77,224.4,234,8.52,1001.96,0.65,0.96
2025-01-02T01:10:00.0000000Z,8.15,9.16,10.14,218,227.2,7.69,1002.77,0.75,1.09
2025-01-02T01:20:00.0000000Z,7.86,8.99,9.95,213.8,219.3,8.36,1002.88,0.87,1.09
2025-01-02T01:30:00.0000000Z,7.98,8.82,9.77,219.5,225.5,7.16,1002.49,0.75,0.72
2025-01-02T01:40:00.0000000Z,8.04,9.14,10.07,220.9,226.7,6.86,1002.17,0.89,1
2025-01-02T01:50:00.0000000Z,7.88,8.94,9.85,214.1,220.8,6.84,1002.37,0.55,0.79
2025-01-02T02:00:00.0000000Z,7.51,8.37,9.26,213.1,219.2,6.62,1001.71,1,0.79
2025-01-02T02:10:00.0000000Z,7.73,8.93,9.8,210.3,218.1,7.09,1002.91,0.81,0.72
2025-01-02T02:20:00.0000000Z,7.28,8.14,9,216.5,223.6,7.31,1001.51,0.97,1.1
2025-01-02T02:30:00.0000000Z,7.19,8.09,8.93,210.8,215.9,6.67,1001.69,0.93,0.67
2025-01-02T02:40:00.0000000Z,7.12,8.05,8.87,205.3,215.3,6.23,1001.35,0.62,0.95
2025-01-02T02:50:00.0000000Z,7.44,8.47,9.27,208.8,213.1,6.13,1001.39,0.69,1.02
2025-01-02T03:00:00.0000000Z,6.94,7.8,8.59,205.1,214.9,6.6,1002.01,0.84,0.64
2025-01-02T03:10:00.0000000Z,6.94,7.9,8.67,202.9,211.9,6.61,1002.57,0.99,0.83
2025-01-02T03:20:00.0000000Z,6.81,7.64,8.4,204.2,209.1,6.66,1002.15,0.57,0.6
2025-01-02T03:30:00.0000000Z,6.64,7.55,8.3,204.8,209.7,6.18,1002.65,0.9,1.07
2025-01-02T03:40:00.0000000Z,7.11,8.18,8.92,196.9,202.4,6.58,1002.62,0.79,0.9
2025-01-02T03:50:00.0000000Z,6.86,7.66,8.39,201.9,210.7,6.34,1001.63,1,1.07
2025-01-02T04:00:00.0000000Z,6.71,7.56,8.28,201.6,206.4,5.89,1001.31,0.57,0.84
2025-01-02T04:10:00.0000000Z,6.32,7.26,7.97,200.7,206.7,6.02,1001.9,0.79,0.77
2025-01-02T04:20:00.0000000Z,6.54,7.48,8.19,198.3,202.4,5.87,1002.32,0.8,0.74
2025-01-02T04:30:00.0000000Z,6.39,7.57,8.27,192.6,201.4,5.96,1001.45,0.64,0.94
2025-01-02T04:40:00.0000000Z,6.14,7.27,7.97,192.1,198.7,6.13,1002.16,0.72,0.99
2025-01-02T04:50:00.0000000Z,6.27,7.33,8.03,186.4,193.7,5.95,1001.37,0.94,0.7
2025-01-02T05:00:00.0000000Z,6.08,7.06,7.76,185.1,191.9,5.18,1002.77,0.67,1.03
2025-01-02T05:10:00.0000000Z,6.04,7.09,7.79,187.8,195.5,5.48,1001.44,0.85,1.03
2025-01-02T05:20:00.0000000Z,5.7,6.61,7.32,181.1,190.5,5.76,1001.18,0.71,1.08
2025-01-02T05:30:00.0000000Z,6.11,6.95,7.66,182.6,186.9,5.19,1001.04,0.72,0.76
2025-01-02T05:40:00.0000000Z,5.49,6.4,7.12,180.6,186.8,4.37,1002.35,0.66,0.74
2025-01-02T05:50:00.0000000Z,5.69,6.78,7.51,184.8,190.9,4.29,1002.39,0.59,0.8
2025-01-02T06:00:00.0000000Z,5.86,6.78,7.52,178.7,186.4,4.38,1002.8,0.67,0.79
2025-01-02T06:10:00.0000000Z,5.25,6.13,6.88,178.4,184.4,5.05,1001.46,0.68,0.88
2025-01-02T06:20:00.0000000Z,5.28,6.19,6.96,177.6,184.1,5.49,1001.65,0.9,0.81
2025-01-02T06:30:00.0000000Z,5.08,6.2,6.98,174.5,179.7,4.42,1001.15,0.97,0.71
2025-01-02T06:40:00.0000000Z,4.98,6.17,6.97,170.7,176.3,4.97,1002.49,0.64,0.66
2025-01-02T06:50:00.0000000Z,4.92,6.09,6.9,171.7,180.8,4.39,1002.79,0.85,0.77
2025-01-02T07:00:00.0000000Z,5.12,6.04,6.87,168.8,177.4,4.34,1002.44,0.77,0.93
2025-01-02T07:10:00.0000000Z,5.11,6.3,7.14,172.8,178.8,4.94,1001.37,0.62,0.63
2025-01-02T07:20:00.0000000Z,4.92,5.83,6.69,169.5,177.3,4.21,1001.29,0.98,0.85
2025-01-02T07:30:00.0000000Z,4.76,5.73,6.61,169.5,179.4,4.04,1002.98,0.63,0.67
2025-01-02T07:40:00.0000000Z,4.73,5.53,6.43,172.2,181.7,5.4,1001.64,0.55,0.76
2025-01-02T07:50:00.0000000Z,4.92,5.89,6.81,171.6,179.4,4.28,1002.91,0.77,1.06
2025-01-02T08:00:00.0000000Z,5.06,5.95,6.88,169.2,179,4.87,1001.49,0.64,0.81
2025-01-02T08:10:00.0000000Z,4.78,5.81,6.76,169.7,178.4,4.47,1002.35,0.84,0.89
2025-01-02T08:20:00.0000000Z,5.02,,6.96,164.9,172.6,4.56,1001.93,0.61,0.66
2025-01-02T08:30:00.0000000Z,4.68,5.49,6.48,163.8,172.1,4.49,1002.14,0.7,0.72
2025-01-02T08:40:00.0000000Z,5.07,6.06,7.06,164.3,173.1,4.68,1002,0.81,0.64
2025-01-02T08:50:00.0000000Z,4.98,5.91,6.93,167.7,173.8,4.93,1002.06,0.57,0.6
2025-01-02T09:00:00.0000000Z,4.97,5.84,6.87,170.3,178.7,5.17,1003.29,0.82,0.87
2025-01-02T09:10:00.0000000Z,4.55,5.53,6.58,169.1,176.3,5.62,1002.65,0.63,0.62
2025-01-02T09:20:00.0000000Z,4.66,5.63,6.69,170.8,179.5,4.74,1003.33,0.65,0.89
2025-01-02T09:30:00.0000000Z,5.03,5.89,6.96,170.7,180.7,5.38,1003.31,0.83,0.62
2025-01-02T09:40:00.0000000Z,5.14,5.99,7.07,172.1,176.7,5.18,1003.03,0.82,0.63
2025-01-02T09:50:00.0000000Z,5.1,6.17,7.25,170.3,179.7,5.28,1002.11,0.63,0.75
2025-01-02T10:00:00.0000000Z,4.69,5.7,6.79,164.6,169,5.13,1002.54,0.88,1.08
2025-01-02T10:10:00.0000000Z,5.19,6.09,7.19,173.1,180,4.74,1003.25,0.95,0.75
2025-01-02T10:20:00.0000000Z,5.17,6.23,7.33,170.3,178.9,5.57,1002.38,0.8,0.93
2025-01-02T10:30:00.0000000Z,5.2,6.32,7.42,174.5,182.2,5,1002.89,0.59,1
2025-01-02T10:40:00.0000000Z,5.33,6.34,7.44,174.7,179.5,5.95,1003.38,0.86,0.97
2025-01-02T10:50:00.0000000Z,5.05,6.24,7.34,168.7,174.2,6.08,1002.68,0.56,0.74
2025-01-02T11:00:00.0000000Z,5.34,6.31,7.4,168.8,177.9,5.87,1003.31,0.89,0.64
2025-01-02T11:10:00.0000000Z,5.52,6.5,7.59,171.5,178.9,5.75,,0.93,0.91
2025-01-02T11:20:00.0000000Z,5.09,5.93,7.01,175.5,182.7,6.49,1004.05,0.83,0.74
2025-01-02T11:30:00.0000000Z,5.64,6.76,7.83,174.8,182.1,6.84,1003.33,0.98,0.95
2025-01-02T11:40:00.0000000Z,5.6,6.65,7.71,180.7,188.8,5.94,1003.29,0.69,0.86
2025-01-02T11:50:00.0000000Z,5.66,6.76,7.81,175.2,180.5,6.15,1003.19,0.73,0.74
2025-01-02T12:00:00.0000000Z,5.37,6.38,7.42,175.9,183.5,6.69,1003.93,0.78,0.62
2025-01-02T12:10:00.0000000Z,5.85,6.97,8,185.2,193.3,6.05,1003.51,0.62,0.94
2025-01-02T12:20:00.0000000Z,5.75,6.77,7.78,185.5,193.8,6.52,1003.53,0.72,1.07
2025-01-02T12:30:00.0000000Z,6.01,6.81,7.81,186.8,190.9,7.11,1004.05,0.99,1.02
2025-01-02T12:40:00.0000000Z,5.87,6.7,7.68,184.8,191.2,6.67,1004.05,0.6,0.74
2025-01-02T12:50:00.0000000Z,5.78,6.9,7.86,190.9,197.7,7.02,1004.65,0.76,0.87
2025-01-02T13:00:00.0000000Z,6.17,7.16,8.11,190.7,199.3,7.16,1004.84,1,1.09
2025-01-02T13:10:00.0000000Z,5.99,6.85,7.78,193.3,200.7,7.87,1004.63,0.75,0.8
2025-01-02T13:20:00.0000000Z,6.48,7.3,8.21,189.3,193.3,8.13,1005.19,0.76,0.68
2025-01-02T13:30:00.0000000Z,6.34,7.34,8.23,194.3,201.3,7.53,1005.57,0.81,0.68
2025-01-02T13:40:00.0000000Z,6.51,7.4,8.28,193.8,198.6,8.28,1004.41,0.77,0.97
2025-01-02T13:50:00.0000000Z,6.32,7.3,8.16,193.6,197.9,8.21,1005.11,0.81,0.9
2025-01-02T14:00:00.0000000Z,6.58,7.57,8.41,199.2,205,8.13,1005.06,0.89,1.02
2025-01-02T14:10:00.0000000Z,7.06,8.09,8.91,197.7,206.8,7.85,1005.24,0.86,0.72
2025-01-02T14:20:00.0000000Z,6.9,7.96,8.77,196.1,203.1,8.08,1005.01,0.88,0.9
2025-01-02T14:30:00.0000000Z,6.98,7.99,8.78,206.6,212.6,8.89,1005.32,0.84,1.04
2025-01-02T14:40:00.0000000Z,7.29,8.1,8.88,200.3,209.1,8.69,1005.19,0.91,0.65
2025-01-02T14:50:00.0000000Z,7.1,8.12,8.88,201.7,206.4,9.78,1005.95,0.85,0.89
2025-01-02T15:00:00.0000000Z,7.37,8.57,9.32,206.6,215.8,9.42,1005.04,0.77,0.62
2025-01-02T15:10:00.0000000Z,7.45,8.27,9.01,210.7,219.6,9.62,1005.79,0.7,0.89
2025-01-02T15:20:00.0000000Z,7.64,8.62,9.35,213.8,218.1,9.54,1006.73,0.99,0.74
2025-01-02T15:30:00.0000000Z,7.67,8.84,9.56,206.1,213.3,9.46,1006.35,0.88,1.05
2025-01-02T15:40:00.0000000Z,7.75,8.69,9.4,212.9,220,10.79,1006.76,0.71,1.02
2025-01-02T15:50:00.0000000Z,7.62,8.46,9.17,208.7,214.1,10.37,1007.26,0.81,0.62
2025-01-02T16:00:00.0000000Z,7.52,8.54,9.24,211.3,217.9,10.83,1006.75,0.65,1.04
2025-01-02T16:10:00.0000000Z,7.46,8.34,9.04,210.6,218.2,10.02,1007.45,0.94,0.67
2025-01-02T16:20:00.0000000Z,7.7,8.84,9.54,221.2,226.3,11.42,1007.3,0.84,0.68
2025-01-02T16:30:00.0000000Z,7.61,8.44,9.14,217.7,223.3,11.61,1007.3,0.89,1.04
2025-01-02T16:40:00.0000000Z,7.83,9.03,9.73,216.5,224.2,11.18,1006.62,0.64,0.71
2025-01-02T16:50:00.0000000Z,7.75,8.83,9.54,219.2,227.7,11.89,1007.6,0.91,0.88
2025-01-02T17:00:00.0000000Z,7.85,9.01,9.72,224.1,232.2,10.97,1007.03,0.63,0.81
2025-01-02T17:10:00.0000000Z,8.31,9.12,9.84,219.1,226.9,11.3,1008.19,0.56,0.74
2025-01-02T17:20:00.0000000Z,8.06,8.91,9.64,218.6,222.9,12.31,1007.05,0.87,0.61
2025-01-02T17:30:00.0000000Z,8.21,9.31,10.05,217.3,222.1,11.99,1008.32,0.72,0.76
2025-01-02T17:40:00.0000000Z,8.02,9.21,9.96,217.6,227.3,12.97,1006.96,0.93,1.08
2025-01-02T17:50:00.0000000Z,8.35,9.5,10.26,224.5,230.9,13.35,1007.98,0.6,0.68
2025-01-02T18:00:00.0000000Z,8.29,9.18,9.96,220.8,228.6,12.92,1008.45,0.96,1.08
2025-01-02T18:10:00.0000000Z,8,9.16,9.95,218.2,223.9,12.83,1007.3,0.6,0.61
2025-01-02T18:20:00.0000000Z,8.28,9.1,9.91,221.4,226.3,13.91,1007.48,0.76,0.79
2025-01-02T18:30:00.0000000Z,8.07,8.98,9.81,220.4,229,13.57,1008.04,0.58,0.64
2025-01-02T18:40:00.0000000Z,8.27,9.43,10.27,222.5,227.1,13.82,1008.95,0.9,0.86
2025-01-02T18:50:00.0000000Z,7.91,8.74,9.6,225.5,235.1,13.19,1008.75,0.84,0.98
2025-01-02T19:00:00.0000000Z,8.32,9.39,10.27,225.1,234.5,13.66,1009.59,0.66,0.9
2025-01-02T19:10:00.0000000Z,8.3,9.47,10.37,220.6,226.1,14.3,1008.24,0.73,1.03
2025-01-02T19:20:00.0000000Z,8.31,9.49,10.4,223.2,229.8,14.6,1008.15,0.74,1.04
2025-01-02T19:30:00.0000000Z,7.94,9.07,10,217.1,226.1,14.37,1009.19,0.7,0.96
2025-01-02T19:40:00.0000000Z,8.13,9.12,10.07,215.7,225,14.94,1008.67,0.94,0.93
2025-01-02T19:50:00.0000000Z,8.1,9.24,10.21,218.3,226.3,14.91,1009.45,0.56,1.05
2025-01-02T20:00:00.0000000Z,8.08,9.25,10.23,215.2,219.7,15.87,1008.98,0.63,0.97
2025-01-02T20:10:00.0000000Z,7.76,8.91,9.91,219.9,226.3,15.99,1009.5,0.68,0.71
2025-01-02T20:20:00.0000000Z,7.92,8.98,10,218.6,222.8,15.07,1009.79,0.69,0.92
2025-01-02T20:30:00.0000000Z,7.55,8.75,9.78,219.4,227.8,16.09,1010.37,0.77,0.96
2025-01-02T20:40:00.0000000Z,7.92,8.79,9.83,211.9,218.2,15.88,1009.56,0.91,0.81
2025-01-02T20:50:00.0000000Z,7.55,8.46,9.52,215.8,223.9,16.2,1010.07,0.9,0.71
2025-01-02T21:00:00.0000000Z,7.64,8.49,9.56,208.9,217.5,16.98,1011.12,0.9,0.69
2025-01-02T21:10:00.0000000Z,7.6,8.59,9.67,207.1,216.7,16.39,1010.31,0.57,0.84
2025-01-02T21:20:00.0000000Z,7.4,8.57,9.65,211.7,219.8,16.37,1011.25,0.91,0.78
2025-01-02T21:30:00.0000000Z,7.59,8.47,9.56,211.9,221.1,17.43,1010.87,0.61,0.91
2025-01-02T21:40:00.0000000Z,7.11,8.14,9.24,204.7,212.1,17.35,1011.15,0.91,1.02
2025-01-02T21:50:00.0000000Z,7.16,8.35,9.45,209.4,219.2,16.81,1011.53,0.56,1.02
2025-01-02T22:00:00.0000000Z,6.96,7.82,8.92,203,210.5,17.92,1010.29,0.97,0.93
2025-01-02T22:10:00.0000000Z,6.93,8.02,9.12,208,216.4,17.13,1011.87,0.69,1.09
2025-01-02T22:20:00.0000000Z,6.85,7.81,8.91,204.6,213.6,17.38,1011.2,0.9,0.94
2025-01-02T22:30:00.0000000Z,6.63,7.74,8.83,198.5,204.4,17.3,1011.97,0.6,1.1
2025-01-02T22:40:00.0000000Z,6.56,7.72,8.81,200.5,208.8,17.78,1011.55,0.89,0.65
2025-01-02T22:50:00.0000000Z,6.75,7.75,8.83,195.2,205.1,18.6,1010.83,0.82,0.85
2025-01-02T23:00:00.0000000Z,6.67,7.79,8.87,197.4,206.4,17.74,1011.15,0.8,0.98
2025-01-02T23:10:00.0000000Z,6.41,7.45,8.52,194.1,198.7,18.94,1012.07,0.78,0.84
2025-01-02T23:20:00.0000000Z,6.44,7.61,8.66,193.6,199.6,18.27,1012.12,0.84,1
2025-01-02T23:30:00.0000000Z,6.37,7.42,8.46,188.5,197.2,18.31,1012.59,0.95,0.64
2025-01-02T23:40:00.0000000Z,5.99,7.1,8.13,191.4,197.5,18.41,1011.78,0.94,1.09
2025-01-02T23:50:00.0000000Z,6,7.15,8.17,186.7,195.2,18.36,1012.59,0.67,0.6
2025-01-03T00:00:00.0000000Z,6.3,7.4,8.4,185.8,195,19.11,1011.99,0.64,0.64
2025-01-03T00:10:00.0000000Z,5.71,6.84,7.82,182.5,189.5,19.95,1013.02,0.79,0.9
2025-01-03T00:20:00.0000000Z,5.95,6.9,7.87,188.3,192.7,20.06,1012.04,0.68,0.76
2025-01-03T00:30:00.0000000Z,5.48,,7.46,187.6,194.2,19.1,1013.42,0.87,1.09
2025-01-03T00:40:00.0000000Z,5.58,6.46,7.39,184.1,190.9,19.41,1011.97,0.8,1.05
2025-01-03T00:50:00.0000000Z,5.62,6.65,7.56,176.8,183.1,19.02,1012.71,0.55,0.88
2025-01-03T01:00:00.0000000Z,5.4,6.49,7.39,174.2,182.4,20.11,1012.51,0.56,1
2025-01-03T01:10:00.0000000Z,5.42,6.25,7.13,180.4,190,19.51,1013.65,0.91,0.73
2025-01-03T01:20:00.0000000Z,5.12,6.01,6.87,172.4,181.2,20.68,1012.46,0.64,0.94
2025-01-03T01:30:00.0000000Z,5.48,6.29,7.13,175,181.5,20.75,1014.04,0.66,0.95
2025-01-03T01:40:00.0000000Z,5.27,6.25,7.07,170,177.2,,1012.55,0.66,0.68
2025-01-03T01:50:00.0000000Z,4.97,6.16,6.97,177.9,183.9,19.76,1013.76,0.83,0.99
2025-01-03T02:00:00.0000000Z,5.27,6.44,7.23,169.9,179,19.88,1013.1,0.8,0.73
2025-01-03T02:10:00.0000000Z,5.08,6.03,6.81,175.1,183.4,20.64,1013.91,0.92,0.89
2025-01-03T02:20:00.0000000Z,5.2,6.05,6.81,169.1,178.1,20.66,1013.41,0.75,0.65
2025-01-03T02:30:00.0000000Z,5.26,6.44,7.19,171,175.1,19.81,1014.55,0.76,0.7
2025-01-03T02:40:00.0000000Z,4.87,5.95,6.69,170.7,175.1,20.65,1013.81,0.75,0.78
2025-01-03T02:50:00.0000000Z,5.12,6.25,6.98,173.5,180.2,19.96,1014.12,0.75,0.88
2025-01-03T03:00:00.0000000Z,4.66,5.62,6.34,168.2,172.8,20.23,1014.7,0.59,0.84
2025-01-03T03:10:00.0000000Z,4.84,5.71,6.42,171.2,176.9,20.74,1014.34,0.63,0.94
2025-01-03T03:20:00.0000000Z,5.07,6.15,6.86,165.5,169.5,21.33,1014.81,0.99,0.81
2025-01-03T03:30:00.0000000Z,4.92,6.12,6.82,171.7,180.8,20.36,1015.29,0.99,0.84
2025-01-03T03:40:00.0000000Z,4.81,5.64,6.34,170.6,178.6,20.48,1014.24,0.97,0.9
2025-01-03T03:50:00.0000000Z,4.87,5.74,6.44,167.7,174.2,20.8,1013.94,0.91,0.76
2025-01-03T04:00:00.0000000Z,4.89,5.81,6.51,167.4,173.9,20.31,1014.54,0.83,0.8
2025-01-03T04:10:00.0000000Z,4.76,5.59,6.29,166.4,172,21.26,1014.25,0.64,0.85
2025-01-03T04:20:00.0000000Z,4.64,5.59,6.3,170.1,177.2,21.04,1014.8,0.7,0.88
2025-01-03T04:30:00.0000000Z,5,6.08,6.79,166.5,175.2,20.29,1014.95,0.94,0.86
2025-01-03T04:40:00.0000000Z,4.69,5.74,6.46,165.1,174.9,20.67,1015.04,0.67,0.63
2025-01-03T04:50:00.0000000Z,4.86,5.85,6.58,166.1,171.7,21.38,1015.27,0.89,0.79
2025-01-03T05:00:00.0000000Z,5.21,6.04,6.78,166.3,171.3,20.53,1014.65,0.84,0.67
2025-01-03T05:10:00.0000000Z,5.25,6.44,7.19,171.1,178.1,20.04,1015.69,0.64,1.03
2025-01-03T05:20:00.0000000Z,4.83,5.99,6.75,166,171.3,19.98,1014.68,0.57,0.92
2025-01-03T05:30:00.0000000Z,4.82,5.9,6.68,166.8,172.2,20.27,1014.44,0.83,0.65
2025-01-03T05:40:00.0000000Z,5.37,6.18,6.97,175.2,180,20.35,1015.63,0.61,1.06
2025-01-03T05:50:00.0000000Z,5.45,6.28,7.09,177.9,184.8,21.2,1015.78,0.55,0.91
2025-01-03T06:00:00.0000000Z,5.08,6.04,6.86,169.5,173.7,20.67,1015.44,0.7,0.97
2025-01-03T06:10:00.0000000Z,5,6.04,6.88,170.6,178.6,20.04,1015.25,0.95,1.05
2025-01-03T06:20:00.0000000Z,5.27,6.28,7.14,176.8,181.1,19.67,1014.68,0.79,0.85
2025-01-03T06:30:00.0000000Z,5.58,6.43,7.31,174.7,184.5,19.95,1015.63,0.87,0.78
2025-01-03T06:40:00.0000000Z,5.62,6.59,7.48,183.2,192.4,19.55,1015.71,0.78,0.8
2025-01-03T06:50:00.0000000Z,5.69,6.52,7.43,176,184.5,20.42,1015.52,0.86,0.89
2025-01-03T07:00:00.0000000Z,5.47,6.3,7.23,177.4,183.8,19.67,1016.44,0.82,0.7
2025-01-03T07:10:00.0000000Z,5.96,6.98,7.93,180.2,187,19.75,1015.4,0.77,0.82
2025-01-03T07:20:00.0000000Z,6.06,7.14,8.11,188.7,197.4,19.89,1014.82,0.95,0.98
2025-01-03T07:30:00.0000000Z,5.64,6.5,7.48,184.1,193.7,20.55,1016.23,0.94,0.75
2025-01-03T07:40:00.0000000Z,5.97,7.04,8.04,189.7,194.6,19.71,1015.41,0.62,0.97
2025-01-03T07:50:00.0000000Z,6.3,7.4,8.41,193.4,200.2,19.42,1014.93,0.6,0.76
2025-01-03T08:00:00.0000000Z,6.25,7.32,8.35,193.4,203.1,19.58,1016.54,0.61,0.69
2025-01-03T08:10:00.0000000Z,6.1,7.04,8.08,190,194.2,19.61,1016.14,0.67,0.64
2025-01-03T08:20:00.0000000Z,6.49,7.68,8.73,188.3,196.1,19.48,1015.53,1,0.89
2025-01-03T08:30:00.0000000Z,6.49,7.38,8.45,199.1,207.2,18.53,1015.7,0.75,0.6
2025-01-03T08:40:00.0000000Z,6.3,7.12,8.19,194.4,200.1,19.79,1016.63,0.91,0.86
2025-01-03T08:50:00.0000000Z,6.68,7.72,8.8,202.3,206.9,19.7,1015.21,0.62,0.67
2025-01-03T09:00:00.0000000Z,6.75,7.92,9.01,202.1,208.2,19.64,1015.84,0.89,0.73
2025-01-03T09:10:00.0000000Z,6.95,7.86,8.95,199.8,205.4,19.44,1015.78,0.62,0.99
2025-01-03T09:20:00.0000000Z,7.18,8.12,9.22,207.1,214.4,18.4,1016.76,0.62,0.98
2025-01-03T09:30:00.0000000Z,6.83,7.83,8.93,199.7,209.5,18.29,1016.61,0.83,0.8
2025-01-03T09:40:00.0000000Z,6.86,7.98,9.08,202.1,206.7,18.53,1015.18,0.55,0.89
2025-01-03T09:50:00.0000000Z,7.08,7.9,9,207.6,215.5,18.23,1015.96,0.81,0.65
2025-01-03T10:00:00.0000000Z,7.26,8.13,9.23,205,212.6,17.52,1016.09,0.91,0.86
2025-01-03T10:10:00.0000000Z,7.53,8.35,9.44,206.1,213,17.71,1016.42,0.95,0.99
2025-01-03T10:20:00.0000000Z,7.54,8.34,9.42,207.7,212.6,17.37,1015.08,0.62,1
2025-01-03T10:30:00.0000000Z,7.44,8.41,9.49,209.6,215.3,17.41,1015.86,0.66,0.92
2025-01-03T10:40:00.0000000Z,7.87,8.67,9.74,213.2,218.3,17.72,1015,0.67,0.83
2025-01-03T10:50:00.0000000Z,7.38,8.45,9.51,212.6,220.1,17.9,1015.87,0.64,0.85
2025-01-03T11:00:00.0000000Z,7.54,8.67,9.71,210.4,217.5,16.85,1015.68,0.93,0.8
2025-01-03T11:10:00.0000000Z,7.52,8.48,9.51,213.9,222.3,16.7,1015.81,0.61,0.74
2025-01-03T11:20:00.0000000Z,8.04,9.06,10.08,217.9,224.1,16.44,1016.16,0.59,0.91
2025-01-03T11:30:00.0000000Z,8.06,9.16,10.16,214.7,222.1,16.92,1015.88,0.94,1.02
2025-01-03T11:40:00.0000000Z,7.8,8.91,9.9,215.4,222.8,16.4,1016.13,0.69,0.86
2025-01-03T11:50:00.0000000Z,7.8,8.64,9.61,216.5,222.3,16.65,1015.75,0.6,0.85
2025-01-03T12:00:00.0000000Z,8.07,8.89,9.84,223.4,229.7,16.76,1016.25,0.64,0.82
2025-01-03T12:10:00.0000000Z,8.22,9.17,10.1,223.8,231.4,15.55,1015.22,0.85,0.83
2025-01-03T12:20:00.0000000Z,8.13,9.1,10.02,221.8,229.2,15.5,1015.72,0.9,0.64
2025-01-03T12:30:00.0000000Z,7.99,8.8,9.7,219.2,224.3,15.58,1016.07,0.93,0.71
2025-01-03T12:40:00.0000000Z,8.24,9.29,10.17,217.9,225.9,15.74,1015.49,0.94,0.8
2025-01-03T12:50:00.0000000Z,8.23,9.3,10.16,226.1,230.8,15.8,1015.84,0.65,1.04
2025-01-03T13:00:00.0000000Z,8.15,9.23,10.07,225.7,231.9,14.21,1015.5,0.61,1.08
2025-01-03T13:10:00.0000000Z,8.07,9.15,9.98,219.4,229.1,14.9,1014.51,0.95,1.07
2025-01-03T13:20:00.0000000Z,8.21,9.23,10.04,227.6,235.5,14.14,1014.45,0.85,0.62
2025-01-03T13:30:00.0000000Z,8.23,9.08,9.87,227.9,236.1,14.69,1015.56,0.6,0.87
2025-01-03T13:40:00.0000000Z,8.36,9.29,10.07,225.2,234.3,13.41,1015.2,0.63,0.64
2025-01-03T13:50:00.0000000Z,8.17,9,9.77,221.3,225.8,13.71,1015.9,0.9,0.88
2025-01-03T14:00:00.0000000Z,8.32,9.48,10.23,223.1,229.5,14.12,1015.23,0.84,0.81
2025-01-03T14:10:00.0000000Z,7.85,8.95,9.69,224.8,234.3,13.61,1014.92,0.65,0.91
2025-01-03T14:20:00.0000000Z,8.15,9.2,9.93,217.8,223.5,13,1014.16,0.97,0.62
2025-01-03T14:30:00.0000000Z,7.98,9.13,9.85,217.2,222.1,13.34,1015.06,0.86,0.92
2025-01-03T14:40:00.0000000Z,7.92,8.9,9.61,224,233,12.29,1015.24,0.9,0.71
2025-01-03T14:50:00.0000000Z,8.09,9.02,9.73,222.3,227.9,13.02,1014.38,0.8,0.64
2025-01-03T15:00:00.0000000Z,8.14,9.25,9.95,218.4,226.8,12.93,1014.72,0.68,0.98
2025-01-03T15:10:00.0000000Z,8.15,9.17,9.87,212.8,222,12.23,1014.62,0.91,0.84
2025-01-03T15:20:00.0000000Z,7.55,8.41,9.11,217.3,221.9,12.19,1014.38,0.8,1.04
2025-01-03T15:30:00.0000000Z,7.95,9.12,9.82,216.4,226,11.55,1014.8,0.71,0.65
2025-01-03T15:40:00.0000000Z,7.58,8.41,9.11,212.4,221.6,11.12,1015.24,0.95,1.02
2025-01-03T15:50:00.0000000Z,7.41,8.27,8.98,216.9,223.9,11.82,1015.08,0.91,0.7
2025-01-03T16:00:00.0000000Z,7.56,8.49,9.2,209.1,216.2,11.66,1014.18,0.8,0.83
2025-01-03T16:10:00.0000000Z,7.29,8.34,9.06,214.8,223.8,11.78,1013.9,0.78,0.75
2025-01-03T16:20:00.0000000Z,7.21,8.38,9.11,210.1,216.2,10.5,1014.88,0.73,0.65
2025-01-03T16:30:00.0000000Z,7.16,8.25,8.99,212.5,218.8,10.82,1013.2,0.64,1.06
2025-01-03T16:40:00.0000000Z,6.99,,8.69,205.9,215.3,10.52,1014.52,0.73,1.04
2025-01-03T16:50:00.0000000Z,7.15,8.28,9.04,206.9,213.7,9.72,1013.04,0.96,1.01
2025-01-03T17:00:00.0000000Z,7.12,8.14,8.92,201.9,210.4,9.99,1013.67,0.56,0.9
2025-01-03T17:10:00.0000000Z,7.22,8.06,8.85,200,209.8,10.04,1013.05,0.97,0.68
2025-01-03T17:20:00.0000000Z,6.81,8,8.81,203,210.2,10.48,1013.77,0.93,0.78
2025-01-03T17:30:00.0000000Z,6.79,7.86,8.68,202.6,208.8,9.32,1014.22,0.57,0.7
2025-01-03T17:40:00.0000000Z,6.86,7.71,8.55,200.4,210.3,9.83,1013.28,0.8,0.93
2025-01-03T17:50:00.0000000Z,6.5,7.62,8.48,200.9,207.1,9.39,1013.13,0.71,0.78
2025-01-03T18:00:00.0000000Z,6.72,7.72,8.59,190.3,194.8,8.87,1012.95,0.94,0.61
2025-01-03T18:10:00.0000000Z,6.52,7.69,8.58,190.3,198.4,9.13,1013.34,0.69,0.61
2025-01-03T18:20:00.0000000Z,6.03,6.85,7.76,188.2,194.6,8.61,1013.77,0.73,1.08
2025-01-03T18:30:00.0000000Z,6.15,6.97,7.9,186.8,191.6,8.81,1012.8,0.91,0.66
2025-01-03T18:40:00.0000000Z,6.01,6.99,7.94,188.2,197,8.95,1013.58,0.93,0.81
2025-01-03T18:50:00.0000000Z,5.87,6.97,7.93,184.8,193.7,7.85,1013.32,0.55,0.95
2025-01-03T19:00:00.0000000Z,5.93,7.1,8.08,183.8,190.9,7.73,1013.33,0.98,1.07
2025-01-03T19:10:00.0000000Z,5.59,6.43,7.43,185.8,191.6,7.48,1012.85,0.71,0.72
2025-01-03T19:20:00.0000000Z,5.54,6.38,7.39,181.3,186.5,7.29,1012.32,0.62,0.64
2025-01-03T19:30:00.0000000Z,5.5,6.59,7.62,177.9,186,7.87,1012.35,0.87,0.87
2025-01-03T19:40:00.0000000Z,5.32,6.3,7.34,181.4,189.8,6.92,1011.66,0.93,0.79
2025-01-03T19:50:00.0000000Z,5.52,6.53,7.58,180.9,189.5,7,1012.06,0.65,0.85
2025-01-03T20:00:00.0000000Z,5.37,6.18,7.24,179.3,184.2,7.19,1012.42,0.78,1.1
2025-01-03T20:10:00.0000000Z,5.53,6.42,7.49,174.5,181.8,7.45,1011.32,0.66,0.85
2025-01-03T20:20:00.0000000Z,5.23,6.08,7.16,172.7,181.2,6.28,1011.83,0.59,1.04
2025-01-03T20:30:00.0000000Z,5.09,6.28,7.37,175.9,183.9,7.16,1011.3,0.9,0.93
2025-01-03T20:40:00.0000000Z,5.18,6.24,7.33,170.9,178.8,7.22,1011.49,0.56,0.71
2025-01-03T20:50:00.0000000Z,5.38,6.44,7.54,176.7,186.2,7.16,1010.88,0.82,0.72
2025-01-03T21:00:00.0000000Z,4.92,5.81,6.91,170.1,175.2,6.05,1011.08,0.73,0.99
2025-01-03T21:10:00.0000000Z,5.28,6.4,7.5,174.4,181.7,5.69,1011.66,0.65,0.8
2025-01-03T21:20:00.0000000Z,4.94,6,7.1,165.2,170,6.85,1011.09,0.81,1.01
2025-01-03T21:30:00.0000000Z,4.7,5.51,6.61,172.3,179.1,6.26,1010.18,0.97,1.09
2025-01-03T21:40:00.0000000Z,4.82,5.8,6.89,167.5,174.8,5.17,1010.85,0.72,0.62
2025-01-03T21:50:00.0000000Z,4.72,5.72,6.8,170.1,174.7,6.07,1010.46,0.59,0.64
2025-01-03T22:00:00.0000000Z,4.8,5.82,6.9,167.4,173.2,5.32,1010.33,0.67,0.93
2025-01-03T22:10:00.0000000Z,4.91,5.93,7,163.1,168.7,5.85,1011.06,0.6,0.99
2025-01-03T22:20:00.0000000Z,5.04,6.2,7.26,164,172.1,5.48,,0.72,1.02
2025-01-03T22:30:00.0000000Z,4.68,5.88,6.93,170.9,177.8,6.05,1010,0.62,0.93
2025-01-03T22:40:00.0000000Z,5.06,6.15,7.18,162.4,167,5.67,1010.15,0.88,1.06
2025-01-03T22:50:00.0000000Z,4.61,5.7,6.72,171.2,177.9,5.34,1009.08,0.73,0.76
2025-01-03T23:00:00.0000000Z,4.74,5.91,6.91,164.4,173,4.89,1009.49,0.83,0.99
2025-01-03T23:10:00.0000000Z,4.62,5.67,6.66,162.4,167.9,5.26,1010.03,0.89,0.68
2025-01-03T23:20:00.0000000Z,4.78,5.75,6.72,165.9,175.5,5.69,1008.52,0.59,0.72
2025-01-03T23:30:00.0000000Z,4.67,5.57,6.52,168.1,176.5,5.41,1010.06,0.69,0.69
2025-01-03T23:40:00.0000000Z,4.95,5.97,6.91,164.4,174.3,4.62,1008.97,0.72,0.87
2025-01-03T23:50:00.0000000Z,4.68,5.59,6.51,173.4,177.9,5.13,1009.01,0.71,0.8
2025-01-04T00:00:00.0000000Z,5.24,6.34,7.24,165.2,169.9,5.33,1008.84,0.74,0.79
2025-01-04T00:10:00.0000000Z,5.2,6.39,7.27,171.2,175.4,5.47,1009.46,0.56,0.72
2025-01-04T00:20:00.0000000Z,4.93,6.06,6.92,172.6,176.7,5.12,1009.14,0.96,1.1
2025-01-04T00:30:00.0000000Z,4.83,5.95,6.8,175.3,183.1,4.17,1007.62,0.83,0.94
2025-01-04T00:40:00.0000000Z,5.4,6.24,7.07,175.7,185.7,5.36,1007.85,0.73,0.66
2025-01-04T00:50:00.0000000Z,5,6.08,6.89,170.4,176,5.24,1007.98,0.83,0.71
2025-01-04T01:00:00.0000000Z,5.12,6.2,7,177.6,186.4,5.28,1007.85,0.87,0.69
2025-01-04T01:10:00.0000000Z,5.55,6.37,7.15,171.7,181.6,4.96,1008.55,0.69,1.02
2025-01-04T01:20:00.0000000Z,5.34,6.5,7.27,173.5,182.3,4.16,1007.04,0.71,0.65
2025-01-04T01:30:00.0000000Z,5.45,6.46,7.21,182.2,192.1,4.94,1008.02,0.63,0.95
2025-01-04T01:40:00.0000000Z,5.37,6.42,7.16,178.6,184.9,4.36,1008.2,0.92,0.88
2025-01-04T01:50:00.0000000Z,5.58,6.62,7.35,177.7,186.6,4.23,1007.35,0.77,0.77
2025-01-04T02:00:00.0000000Z,5.68,6.61,7.33,186.5,195.9,4.37,1007.97,0.6,0.7
2025-01-04T02:10:00.0000000Z,5.73,6.8,7.51,182.6,188.6,4.76,1007.69,0.8,0.69
2025-01-04T02:20:00.0000000Z,6.13,7.07,7.78,188.5,192.6,4.71,1007.9,0.82,0.87
2025-01-04T02:30:00.0000000Z,5.75,6.78,7.48,186,193.1,,1007.07,0.99,0.6
2025-01-04T02:40:00.0000000Z,5.81,6.83,7.53,189,194.8,5.27,1006.5,0.77,0.77
2025-01-04T02:50:00.0000000Z,6.19,7.06,7.76,185,192.4,4.86,1006.77,0.59,0.92
2025-01-04T03:00:00.0000000Z,5.99,7.18,7.88,195.8,204.4,5.15,1006.6,0.96,0.84
2025-01-04T03:10:00.0000000Z,6.5,7.44,8.14,196.1,204,4.91,1006.7,0.7,1.01
2025-01-04T03:20:00.0000000Z,6.58,7.53,8.24,192.4,201.9,4.62,1005.97,0.75,0.89
2025-01-04T03:30:00.0000000Z,6.78,7.77,8.48,196,201.3,5.78,1005.45,0.6,0.89
2025-01-04T03:40:00.0000000Z,6.64,7.75,8.47,197.3,206.7,5.38,1005.63,0.74,0.88
2025-01-04T03:50:00.0000000Z,6.82,7.66,8.39,199.9,206.2,5.26,1006.65,0.97,1.06
2025-01-04T04:00:00.0000000Z,7.05,7.94,8.68,204.3,208.7,4.95,1005.36,0.76,0.99
2025-01-04T04:10:00.0000000Z,6.94,7.88,8.63,206,210.7,6.18,1006.18,0.81,0.94
2025-01-04T04:20:00.0000000Z,6.87,7.77,8.53,200.4,208.1,4.98,1005.59,0.65,0.84
2025-01-04T04:30:00.0000000Z,7.38,8.48,9.25,203,207.4,5.91,1004.82,0.61,0.62
2025-01-04T04:40:00.0000000Z,7.22,8.26,9.05,205.2,213.3,5.23,1004.68,0.72,0.75
2025-01-04T04:50:00.0000000Z,7.17,8.25,9.05,206.6,212,5.56,1005.02,0.81,1.06
2025-01-04T05:00:00.0000000Z,7.37,8.53,9.35,205.6,210.9,6.17,1004.94,0.91,0.81
2025-01-04T05:10:00.0000000Z,7.74,8.69,9.53,206.6,213.3,6.63,1004.98,0.6,0.83
2025-01-04T05:20:00.0000000Z,7.36,8.5,9.35,212.5,218.8,5.91,1005.76,0.79,0.7
2025-01-04T05:30:00.0000000Z,7.82,8.97,9.84,211.1,217.5,5.63,1005.84,0.63,0.93
2025-01-04T05:40:00.0000000Z,7.46,8.41,9.3,214.8,223.4,7.06,1005.57,0.73,0.71
2025-01-04T05:50:00.0000000Z,7.9,9.08,9.99,217.3,225.9,7.19,1005.5,0.73,1.05
2025-01-04T06:00:00.0000000Z,7.86,9.03,9.96,221.3,228.1,7.01,1004.11,0.82,0.91
2025-01-04T06:10:00.0000000Z,7.78,8.96,9.9,215.8,224.4,6.05,1004.35,0.71,1.09
2025-01-04T06:20:00.0000000Z,7.73,8.71,9.67,216.1,223.2,7.44,1004.13,0.78,0.76
2025-01-04T06:30:00.0000000Z,7.93,8.87,9.85,220,226.2,6.61,1004.81,0.66,1.07
2025-01-04T06:40:00.0000000Z,7.99,8.95,9.95,222.8,227.7,6.46,1004.64,0.96,1.08
2025-01-04T06:50:00.0000000Z,8.21,9.39,10.4,219.5,229.5,7.44,1004.39,0.65,0.79
2025-01-04T07:00:00.0000000Z,8.15,9.23,10.26,221.7,228.6,7.7,1004.76,0.58,0.74
2025-01-04T07:10:00.0000000Z,8.06,9.13,10.17,216.8,223.2,7.82,1003.47,0.74,0.91
2025-01-04T07:20:00.0000000Z,8.26,9.22,10.27,219.9,227.5,7.96,1003.36,0.99,0.84
2025-01-04T07:30:00.0000000Z,8.19,9.12,10.18,224.9,234.3,8.61,1003.83,0.9,1.01
2025-01-04T07:40:00.0000000Z,7.95,8.83,9.9,225.4,232.3,7.67,1004.17,0.69,0.89
2025-01-04T07:50:00.0000000Z,8.1,9.11,10.19,225.3,231.3,8.6,1003.65,0.71,0.87
2025-01-04T08:00:00.0000000Z,8.21,9.33,10.42,221,226,8.23,1003.74,0.9,0.79
2025-01-04T08:10:00.0000000Z,8.33,9.16,10.25,227.5,233.3,8.1,1002.83,0.71,1.04
2025-01-04T08:20:00.0000000Z,8.44,9.32,10.42,220.7,227.1,8.73,1004.14,0.74,1.06
2025-01-04T08:30:00.0000000Z,7.94,9.02,10.12,220.3,224.8,8.93,1003.57,0.9,0.61
2025-01-04T08:40:00.0000000Z,8.46,9.34,10.44,221.4,226.2,8.73,1003.42,0.76,0.85
2025-01-04T08:50:00.0000000Z,8.11,,10.16,224.9,229.6,9.8,1002.28,0.75,0.7
2025-01-04T09:00:00.0000000Z,7.93,9.08,10.18,221.1,228.1,9.13,1003.88,0.59,0.9
2025-01-04T09:10:00.0000000Z,8.02,8.97,10.06,217,224.9,9.48,1003.38,0.96,0.64
2025-01-04T09:20:00.0000000Z,7.94,9.11,10.2,218.8,228.5,10.29,1002.41,0.85,0.75
2025-01-04T09:30:00.0000000Z,8.17,9.28,10.36,224.8,229.2,9.56,1002.51,0.6,0.64
2025-01-04T09:40:00.0000000Z,7.84,8.67,9.74,223.4,231,9.83,1002.41,0.9,0.62
2025-01-04T09:50:00.0000000Z,7.69,8.8,9.86,221.2,230.3,10.5,1003.31,0.62,0.96
2025-01-04T10:00:00.0000000Z,7.85,8.93,9.98,220.8,230.1,10.95,1002.68,0.74,1.08
2025-01-04T10:10:00.0000000Z,7.64,8.5,9.53,219.3,226.2,11.54,1001.78,0.75,0.64
2025-01-04T10:20:00.0000000Z,7.61,8.41,9.43,214.5,220.3,11.49,1002.23,0.94,0.61
2025-01-04T10:30:00.0000000Z,7.48,8.39,9.4,217.9,227.8,11.13,1003.08,0.89,1.06
2025-01-04T10:40:00.0000000Z,7.69,8.59,9.58,214.5,221.3,11.39,1001.98,0.72,0.99
2025-01-04T10:50:00.0000000Z,7.63,8.8,9.77,211.3,215.7,11.65,1002.05,0.58,0.64
2025-01-04T11:00:00.0000000Z,7.38,8.46,9.42,211.9,219.1,11.72,1003.02,0.96,0.68
2025-01-04T11:10:00.0000000Z,7.59,8.71,9.65,212,218.6,12.26,1002.23,0.79,0.8
2025-01-04T11:20:00.0000000Z,7.24,8.37,9.29,212,220.3,12.1,1003.13,0.82,0.61
2025-01-04T11:30:00.0000000Z,7.31,8.35,9.25,208.5,217.7,13.03,1002.76,0.77,1.03
2025-01-04T11:40:00.0000000Z,6.96,8.06,8.94,206.8,215.2,12.2,1001.73,0.77,0.98
2025-01-04T11:50:00.0000000Z,6.96,7.94,8.81,205.4,213.5,12.81,1002.96,0.6,0.7
2025-01-04T12:00:00.0000000Z,6.9,7.7,8.55,204.5,212.6,12.92,1001.89,0.85,0.79
2025-01-04T12:10:00.0000000Z,6.63,7.65,8.48,205,213.9,12.78,1001.29,0.66,0.62
2025-01-04T12:20:00.0000000Z,6.66,7.81,8.62,196.9,206.4,13.89,1002.6,0.63,0.67
2025-01-04T12:30:00.0000000Z,6.58,7.42,8.22,196.7,206.5,13.37,1002.81,0.79,0.95
2025-01-04T12:40:00.0000000Z,6.59,7.57,8.35,196.1,205.5,13.21,1002.58,0.74,1.02
2025-01-04T12:50:00.0000000Z,6.25,7.15,7.92,196.3,204.3,13.78,1002.31,0.8,0.75
2025-01-04T13:00:00.0000000Z,6.22,7.26,8.02,192.1,199.8,14.53,1001.45,0.72,0.9
2025-01-04T13:10:00.0000000Z,6.5,7.52,8.26,190.4,196.4,15.15,1002.31,0.57,0.69
2025-01-04T13:20:00.0000000Z,5.93,6.81,7.54,188.5,197,14.72,1001.66,0.98,0.85
2025-01-04T13:30:00.0000000Z,6.09,7.05,7.77,192,199.4,14.27,1001.97,0.91,0.93
2025-01-04T13:40:00.0000000Z,6.06,6.89,7.61,189.9,198.4,15.06,1002.67,0.99,0.75
2025-01-04T13:50:00.0000000Z,5.69,6.83,7.54,181.5,188.8,15.11,1001.19,0.93,0.8
2025-01-04T14:00:00.0000000Z,5.67,6.66,7.36,185.6,190.5,15.14,1002.46,0.87,1.03
2025-01-04T14:10:00.0000000Z,5.85,7,7.7,179.5,185.4,15.38,1002.47,0.76,0.75
2025-01-04T14:20:00.0000000Z,5.83,6.91,7.61,184.2,193.8,16.38,1001.54,0.83,0.66
2025-01-04T14:30:00.0000000Z,5.42,6.23,6.93,181.8,190.1,15.58,1001.73,0.57,0.78
2025-01-04T14:40:00.0000000Z,5.56,6.53,7.23,177.4,185.5,16.69,1002.19,0.69,0.97
2025-01-04T14:50:00.0000000Z,5.35,6.51,7.22,173.6,181.6,16.67,1002.22,0.96,0.73
2025-01-04T15:00:00.0000000Z,5.31,6.42,7.13,179.4,187.9,16.2,1002.64,0.76,1.05
2025-01-04T15:10:00.0000000Z,5.5,6.51,7.23,179.7,185.6,16.11,1001.04,0.82,0.72
2025-01-04T15:20:00.0000000Z,5.44,6.56,7.29,176.8,186.5,16.76,1002.42,0.74,0.64
2025-01-04T15:30:00.0000000Z,5.11,5.92,6.66,174.1,178.2,16.54,1002.79,0.71,0.87
2025-01-04T15:40:00.0000000Z,4.89,5.85,6.6,170.4,177.4,17.31,1001.58,0.57,0.93
2025-01-04T15:50:00.0000000Z,5.34,6.32,7.08,174.9,181.1,17.65,1002.89,0.82,0.77
2025-01-04T16:00:00.0000000Z,4.91,6.06,6.83,173.8,183.5,18.11,1002.85,0.91,0.92
2025-01-04T16:10:00.0000000Z,4.88,5.97,6.76,168.5,174.2,17.37,1001.94,0.87,1.04
2025-01-04T16:20:00.0000000Z,4.73,5.69,6.49,166.1,174.6,18.1,1001.32,0.84,0.88
2025-01-04T16:30:00.0000000Z,5.06,5.9,6.72,173.5,177.6,18.59,1001.28,0.71,0.79
2025-01-04T16:40:00.0000000Z,4.83,5.73,6.56,170.2,176.2,17.57,1001.95,0.83,0.68
2025-01-04T16:50:00.0000000Z,4.91,5.98,6.83,164.3,173.6,18.88,1002.6,0.7,0.86
2025-01-04T17:00:00.0000000Z,4.97,6.16,7.03,164.5,170.4,18.86,1002.82,0.84,0.71
2025-01-04T17:10:00.0000000Z,4.65,5.55,6.44,164,172.9,19.26,1002.73,0.87,0.75
2025-01-04T17:20:00.0000000Z,4.71,5.9,6.81,170.6,175,19.04,1002.03,0.88,0.98
2025-01-04T17:30:00.0000000Z,4.97,5.78,6.7,163.4,167.5,19.46,1002.75,0.84,0.61
2025-01-04T17:40:00.0000000Z,4.96,5.95,6.89,164.7,174.3,19.45,1001.52,0.81,0.89
2025-01-04T17:50:00.0000000Z,4.87,5.86,6.82,163.1,172.4,18.65,1002.93,0.63,1.01
2025-01-04T18:00:00.0000000Z,5.1,6.25,7.23,167.7,177.3,19.77,1002.01,0.89,0.78
2025-01-04T18:10:00.0000000Z,4.69,5.67,6.66,168,176.6,19.62,1002.71,0.68,0.84
2025-01-04T18:20:00.0000000Z,4.93,5.8,6.81,163.5,170.6,19.43,1003.03,0.75,0.75
2025-01-04T18:30:00.0000000Z,4.83,5.74,6.76,168.1,173.7,19.18,1003.21,0.79,1.09
2025-01-04T18:40:00.0000000Z,5.14,6.07,7.11,164.5,168.9,19.2,1003.01,0.6,0.85
2025-01-04T18:50:00.0000000Z,5.08,6.24,7.29,171.4,177.8,19.73,1003.26,0.94,1.09
2025-01-04T19:00:00.0000000Z,4.82,5.87,6.93,167.9,172.2,20.19,1003.05,0.68,0.69
2025-01-04T19:10:00.0000000Z,5,5.89,6.96,171.4,179.1,20.36,1002.84,0.59,0.8
2025-01-04T19:20:00.0000000Z,5.35,6.37,7.45,176,182.3,20.1,1002.37,0.67,1.06
2025-01-04T19:30:00.0000000Z,4.88,5.9,6.99,175.8,183.5,19.47,1002.15,0.91,0.9
2025-01-04T19:40:00.0000000Z,5.16,6.15,7.24,169.3,177.3,20.29,1002.98,0.65,0.7
2025-01-04T19:50:00.0000000Z,4.99,6.14,7.24,176.4,186.4,19.72,1003.1,0.86,0.7
2025-01-04T20:00:00.0000000Z,5.53,6.44,7.54,175.6,185.3,20.9,1003.14,0.73,1.1
2025-01-04T20:10:00.0000000Z,5.32,6.26,7.36,172.2,177.4,20.9,1003.59,0.59,0.78
2025-01-04T20:20:00.0000000Z,5.44,6.62,7.72,175.4,181.3,20.35,1003.19,0.92,0.83
2025-01-04T20:30:00.0000000Z,5.46,6.54,7.64,178.1,186.3,20.56,1002.99,0.89,0.87
2025-01-04T20:40:00.0000000Z,5.86,6.9,7.99,183.8,192.7,20.65,1004.12,0.86,1.06
2025-01-04T20:50:00.0000000Z,5.47,6.29,7.38,180.3,185.8,20.51,1002.72,0.71,0.77
2025-01-04T21:00:00.0000000Z,5.97,6.88,7.96,184.4,189.7,20.31,1003.42,0.89,0.79
2025-01-04T21:10:00.0000000Z,5.87,6.68,7.75,186.3,191.5,20.09,1004.09,0.75,0.64
2025-01-04T21:20:00.0000000Z,6.04,7.03,8.09,184.9,190.4,21.27,1003.42,0.9,0.88
2025-01-04T21:30:00.0000000Z,5.93,6.84,7.89,185.5,191.9,20.13,1004.03,1,0.75
2025-01-04T21:40:00.0000000Z,6.09,6.9,7.94,194,199.6,21.03,1004.07,0.66,0.84
2025-01-04T21:50:00.0000000Z,6.48,7.44,8.46,189.7,197.1,20.35,1004.09,0.91,0.79
2025-01-04T22:00:00.0000000Z,6.43,7.32,8.33,194.4,204.4,21.05,1003.45,0.75,0.84
2025-01-04T22:10:00.0000000Z,6.45,7.65,8.64,198.9,203,20.2,1004.01,0.67,1.04
2025-01-04T22:20:00.0000000Z,6.27,7.2,8.17,199.2,203.9,21.15,1003.77,0.72,0.62
2025-01-04T22:30:00.0000000Z,6.47,7.61,8.57,196.3,203.3,21.38,1003.97,0.7,0.97
2025-01-04T22:40:00.0000000Z,6.72,7.87,8.81,201.6,211,21.34,1005.45,0.81,0.73
2025-01-04T22:50:00.0000000Z,6.87,7.85,8.77,203.2,211.4,20.84,1004.18,0.71,0.85
2025-01-04T23:00:00.0000000Z,6.71,7.7,8.6,202.3,211.8,20.95,1005.09,0.82,0.82
2025-01-04T23:10:00.0000000Z,7.22,8.27,9.16,206.2,215.3,20.99,1005.67,0.8,0.74
2025-01-04T23:20:00.0000000Z,7.21,8.1,8.97,205.3,210.9,20.76,1004.73,0.99,0.62
2025-01-04T23:30:00.0000000Z,7.33,8.36,9.21,206.8,212.7,20.46,1005.38,0.76,1.09
2025-01-04T23:40:00.0000000Z,7.28,8.44,9.27,206.3,213,20.85,1005.01,0.59,1
2025-01-04T23:50:00.0000000Z,7.22,8.15,8.97,204.6,210.2,20.09,1005.72,0.8,0.91
2025-01-05T00:00:00.0000000Z,7.67,8.67,9.47,205.8,211.9,20.76,1004.65,0.97,0.99
2025-01-05T00:10:00.0000000Z,7.52,8.52,9.3,208.6,213.1,19.87,1005.14,0.57,0.69
2025-01-05T00:20:00.0000000Z,7.4,8.52,9.29,211.4,220.3,20.49,1004.93,0.81,0.73
2025-01-05T00:30:00.0000000Z,7.44,8.54,9.3,209.1,214.6,20.03,1006.11,0.92,1.1
2025-01-05T00:40:00.0000000Z,7.45,8.62,9.36,214.4,223.8,20.43,1005.13,0.68,0.81
2025-01-05T00:50:00.0000000Z,8.07,9.1,9.83,220.7,225.8,19.73,1006.86,0.85,1.09
2025-01-05T01:00:00.0000000Z,7.72,,9.59,213.1,219.6,19.9,1006.5,0.57,0.99
2025-01-05T01:10:00.0000000Z,8.15,9.26,9.98,215.3,225,19.37,1006.51,0.75,1
2025-01-05T01:20:00.0000000Z,8.06,8.94,9.65,214.5,219.8,20.47,1005.69,0.8,0.64
2025-01-05T01:30:00.0000000Z,8,9.17,9.88,223.3,227.3,19.33,1006.25,0.57,0.67
2025-01-05T01:40:00.0000000Z,7.79,8.6,9.3,225.2,231.9,19.9,1006.38,0.83,0.75
2025-01-05T01:50:00.0000000Z,8.31,9.37,10.07,225.9,235.1,20.19,1006.4,0.7,0.75
2025-01-05T02:00:00.0000000Z,7.89,8.75,9.45,221.7,225.8,20.19,1006.72,0.59,0.66
2025-01-05T02:10:00.0000000Z,8.03,8.83,9.53,226.3,233,19.97,1006.09,0.82,0.86
2025-01-05T02:20:00.0000000Z,8.29,9.12,9.83,226.2,230.5,19.59,1007.93,0.63,0.74
2025-01-05T02:30:00.0000000Z,8.23,9.33,10.04,221,226.4,18.68,1007.49,0.64,0.67
2025-01-05T02:40:00.0000000Z,8.24,9.26,9.98,226.5,230.7,19.63,1006.45,0.64,0.91
2025-01-05T02:50:00.0000000Z,8.46,9.6,10.32,219.4,227,18.9,1006.8,0.74,1.02
2025-01-05T03:00:00.0000000Z,7.92,8.9,9.63,219.6,228.5,18.75,1007.16,0.82,0.67
2025-01-05T03:10:00.0000000Z,8.47,9.36,10.1,222.3,227.5,18.1,1008.31,0.98,0.92
2025-01-05T03:20:00.0000000Z,8.37,9.48,10.24,226.5,232.4,,1007.92,0.84,0.94
2025-01-05T03:30:00.0000000Z,8.4,9.31,10.08,218.7,227.8,18.92,1008.05,0.91,0.81
2025-01-05T03:40:00.0000000Z,8.04,9.04,9.82,219.2,227.4,18.27,1007.84,0.86,0.75
2025-01-05T03:50:00.0000000Z,8.41,9.5,10.3,217.5,225.4,18.24,1009.06,0.77,0.64
2025-01-05T04:00:00.0000000Z,8.33,9.33,10.15,224.3,232.5,17.63,1007.61,0.85,0.83
2025-01-05T04:10:00.0000000Z,8.26,9.25,10.08,225.1,230.3,17.31,1008.85,0.68,0.79
2025-01-05T04:20:00.0000000Z,7.98,8.79,9.64,224,231.8,17.88,1008.11,0.6,0.81
2025-01-05T04:30:00.0000000Z,7.74,8.77,9.64,217.8,224.5,17.48,1009.56,0.59,1.04
2025-01-05T04:40:00.0000000Z,8.09,8.91,9.8,223.3,229.4,17.73,1008.08,0.61,0.7
2025-01-05T04:50:00.0000000Z,8.07,9.16,10.06,221.6,225.8,17.08,1008.91,0.6,0.71
2025-01-05T05:00:00.0000000Z,7.78,8.85,9.77,213.9,221.4,16.39,1009.72,0.74,0.92
2025-01-05T05:10:00.0000000Z,7.69,8.64,9.58,216.9,225.2,17.23,1008.7,0.98,1.02
2025-01-05T05:20:00.0000000Z,7.64,8.46,9.42,214,218.8,17.05,1010.1,0.82,0.77
2025-01-05T05:30:00.0000000Z,7.85,8.93,9.91,216.7,226.2,16.27,1008.7,0.99,0.9
2025-01-05T05:40:00.0000000Z,7.53,8.38,9.37,207.4,216.3,16.7,1009.58,0.9,1.05
2025-01-05T05:50:00.0000000Z,7.55,8.49,9.5,215.8,222.2,16.09,1009.57,0.74,0.89
2025-01-05T06:00:00.0000000Z,7.56,8.38,9.4,211.1,217.5,15.25,1010.69,0.76,0.85
2025-01-05T06:10:00.0000000Z,7.06,8.21,9.25,210.5,217,15.07,1009.95,0.67,0.74
2025-01-05T06:20:00.0000000Z,7.18,7.98,9.03,204.7,212.6,15.14,1009.45,0.58,1.05
2025-01-05T06:30:00.0000000Z,7.02,8.03,9.09,205.9,212.5,16.06,1009.68,0.93,0.82
2025-01-05T06:40:00.0000000Z,6.92,7.81,8.88,200.7,206.6,15.12,1010.45,0.8,0.83
2025-01-05T06:50:00.0000000Z,7.06,8.06,9.14,205.1,214.4,15.44,1010.21,0.93,0.66
2025-01-05T07:00:00.0000000Z,6.63,7.7,8.79,206.1,213,14.3,1011.04,0.71,0.91
2025-01-05T07:10:00.0000000Z,7.08,8.17,9.26,195.8,202.9,14.55,1009.84,0.79,1.03
2025-01-05T07:20:00.0000000Z,6.42,7.32,8.42,194.5,203.4,14.18,1011.61,0.92,1.02
2025-01-05T07:30:00.0000000Z,6.57,7.69,8.79,201.6,209.9,14.08,1010.34,0.59,1.06
2025-01-05T07:40:00.0000000Z,6.61,7.57,8.67,193.6,199.3,13.6,1010.8,0.67,0.86
2025-01-05T07:50:00.0000000Z,6.63,7.64,8.74,191.7,200.1,13.75,1010.33,0.55,0.92
2025-01-05T08:00:00.0000000Z,6.6,7.75,8.85,195.4,202.7,13.21,1010.46,0.89,0.67
2025-01-05T08:10:00.0000000Z,6.43,7.29,8.38,185.7,192,13.81,1011.67,0.64,1.01
2025-01-05T08:20:00.0000000Z,6.21,7.09,8.18,192.3,196.7,13.47,1011.08,0.84,0.94
2025-01-05T08:30:00.0000000Z,6.33,7.38,8.46,191.8,200.7,13.19,1010.93,0.72,0.81
2025-01-05T08:40:00.0000000Z,6.12,7.07,8.14,188.4,195.6,12.55,1011.85,0.86,0.92
2025-01-05T08:50:00.0000000Z,5.94,6.83,7.89,183.8,188.2,12.35,1012.59,0.89,0.72
2025-01-05T09:00:00.0000000Z,5.67,6.67,7.72,178.9,184.5,11.94,1012.79,0.98,0.96
2025-01-05T09:10:00.0000000Z,5.53,6.39,7.43,182.3,190,11.59,1012.9,0.78,0.98
2025-01-05T09:20:00.0000000Z,5.77,6.81,7.83,181.2,187.6,12.6,1012.53,0.78,0.65
2025-01-05T09:30:00.0000000Z,5.54,6.42,7.43,178.2,184.9,12.29,,0.71,0.65
2025-01-05T09:40:00.0000000Z,5.67,6.75,7.74,177.7,182.4,10.88,1011.76,0.66,1.03
2025-01-05T09:50:00.0000000Z,5.32,6.13,7.11,174.5,179.5,12.14,1011.78,0.8,0.95
2025-01-05T10:00:00.0000000Z,5.43,6.5,7.46,173.4,181.7,10.92,1012.4,0.7,0.93
2025-01-05T10:10:00.0000000Z,5.54,6.34,7.28,176.8,186.7,11.05,1012.78,0.96,0.94
2025-01-05T10:20:00.0000000Z,5.36,6.35,7.27,175.7,181.9,10.74,1012.69,0.89,0.93
2025-01-05T10:30:00.0000000Z,5.04,6.14,7.05,177.3,186.5,10.44,1012.7,0.6,0.82
2025-01-05T10:40:00.0000000Z,5.15,6.24,7.13,174,178.8,10.09,1013.33,0.91,0.86
2025-01-05T10:50:00.0000000Z,4.94,6.08,6.95,166.9,170.9,10.06,1012.75,0.7,1.05
2025-01-05T11:00:00.0000000Z,4.75,5.8,6.65,168.5,175.6,9.81,1012.72,0.67,0.75
2025-01-05T11:10:00.0000000Z,5.2,6.26,7.09,167.9,175.2,9.67,1013.34,0.68,0.93
2025-01-05T11:20:00.0000000Z,5.14,6.06,6.88,167.2,176,10.06,1013.96,0.74,0.68
2025-01-05T11:30:00.0000000Z,4.98,5.87,6.67,163.3,170.9,9.17,1014.02,0.68,0.65
2025-01-05T11:40:00.0000000Z,4.79,5.63,6.42,170.3,178.8,10.06,1013.86,0.6,0.82
2025-01-05T11:50:00.0000000Z,4.8,5.78,6.55,164.6,172.3,8.81,1013.3,0.62,1.05
2025-01-05T12:00:00.0000000Z,4.85,5.84,6.6,163.4,167.8,9.58,1013.91,0.62,0.78
2025-01-05T12:10:00.0000000Z,4.62,5.5,6.25,170.4,175.1,8.32,1014.25,0.56,0.69
2025-01-05T12:20:00.0000000Z,4.71,5.62,6.35,163.5,169.1,8.97,1014.1,0.85,0.74
2025-01-05T12:30:00.0000000Z,4.61,5.77,6.5,165.6,171.4,8.54,1014.67,0.95,0.81
2025-01-05T12:40:00.0000000Z,4.54,5.39,6.11,162.5,171.3,8.48,1013.7,0.64,1.04
2025-01-05T12:50:00.0000000Z,5.08,6.04,6.75,167.8,176.6,8.52,1013.39,0.67,0.99
2025-01-05T13:00:00.0000000Z,4.79,5.6,6.31,165.2,169.3,7.35,1015.06,0.62,0.61
2025-01-05T13:10:00.0000000Z,5.04,6.17,6.87,171.8,175.8,7.32,1015.09,0.91,0.8
2025-01-05T13:20:00.0000000Z,4.76,5.72,6.42,163.9,168.3,7.84,1014.03,0.8,0.67
2025-01-05T13:30:00.0000000Z,4.66,5.57,6.27,167.3,173.3,8.22,1015.26,0.78,0.69
2025-01-05T13:40:00.0000000Z,5.04,6.07,6.77,173.2,180.4,7.42,1015.36,0.7,0.69
2025-01-05T13:50:00.0000000Z,5.26,6.07,6.77,175.1,183.9,6.95,1014.17,0.86,0.64
2025-01-05T14:00:00.0000000Z,5.1,5.96,6.67,171,177.2,7.74,1014.26,0.62,0.7
2025-01-05T14:10:00.0000000Z,5.08,5.93,6.65,176.2,185.1,7,1015.47,0.57,1.07
2025-01-05T14:20:00.0000000Z,5.03,6.11,6.83,171.4,179,7.52,1014.52,0.93,0.8
2025-01-05T14:30:00.0000000Z,4.95,6.1,6.83,169.9,177.5,6.25,1015.46,0.91,1.04
2025-01-05T14:40:00.0000000Z,5.32,6.22,6.96,177,185.9,6.33,1014.45,0.65,0.82
2025-01-05T14:50:00.0000000Z,5.3,6.37,7.13,171.3,177.9,7.07,1015.15,0.83,0.66
2025-01-05T15:00:00.0000000Z,5.7,6.52,7.29,176.9,184.7,6.76,1014.45,0.59,0.77
2025-01-05T15:10:00.0000000Z,5.37,6.21,6.99,176,180.5,5.52,1015.31,0.98,0.96
2025-01-05T15:20:00.0000000Z,5.45,6.27,7.07,176.8,182.6,5.45,1014.77,0.8,0.68
2025-01-05T15:30:00.0000000Z,5.63,6.8,7.61,177.4,183.3,5.52,1015.19,0.76,0.88
2025-01-05T15:40:00.0000000Z,5.58,6.38,7.21,183.3,188.4,5.49,1014.78,0.58,0.85
2025-01-05T15:50:00.0000000Z,5.61,6.57,7.42,183.6,189.3,6.3,1014.79,0.72,1.05
2025-01-05T16:00:00.0000000Z,6.02,6.95,7.82,181.1,190.5,5.32,1015.16,0.56,0.99
2025-01-05T16:10:00.0000000Z,5.98,6.91,7.79,183,192.4,6.2,1015.98,0.6,1.05
2025-01-05T16:20:00.0000000Z,6.15,7.24,8.14,191.2,195.6,6.11,1016.07,0.76,0.68
2025-01-05T16:30:00.0000000Z,6.46,7.56,8.48,185.6,193.8,5.7,1015.21,0.68,0.77
2025-01-05T16:40:00.0000000Z,6.29,7.2,8.14,192.1,201.4,5.03,1015.76,0.67,1.07
2025-01-05T16:50:00.0000000Z,6.64,7.78,8.74,194.4,204,4.51,1015.08,0.81,0.81
2025-01-05T17:00:00.0000000Z,6.31,7.35,8.32,195.6,200.5,4.9,1015.34,0.99,1.06
2025-01-05T17:10:00.0000000Z,6.76,,8.93,199.7,207,4.69,1015.4,0.58,0.71
2025-01-05T17:20:00.0000000Z,6.36,7.48,8.49,195.6,203.5,4.52,1015.28,0.82,0.63
2025-01-05T17:30:00.0000000Z,6.7,7.85,8.87,194.6,199.1,4.41,1015.83,0.62,1.01
2025-01-05T17:40:00.0000000Z,6.62,7.69,8.72,199.6,204.1,5.16,1015.15,0.56,0.73
2025-01-05T17:50:00.0000000Z,6.79,7.86,8.91,197,203.1,5.17,1016.24,0.87,0.93
2025-01-05T18:00:00.0000000Z,7.16,8.15,9.21,207.1,212.3,5.38,1016.58,0.68,0.62
2025-01-05T18:10:00.0000000Z,6.81,7.85,8.92,206.8,213.4,4.41,1016.56,0.92,0.77
2025-01-05T18:20:00.0000000Z,7.37,8.2,9.28,204.9,212.1,5.4,1016.74,0.81,1.06
2025-01-05T18:30:00.0000000Z,7.44,8.27,9.36,206.2,212.9,4.37,1015.41,0.73,0.96
2025-01-05T18:40:00.0000000Z,7.15,8.12,9.21,207.2,215,4.98,1016.7,0.99,0.73
2025-01-05T18:50:00.0000000Z,7.36,8.31,9.41,206,210.2,4.67,1016.07,0.57,0.8
2025-01-05T19:00:00.0000000Z,7.72,8.79,9.89,212,219.5,4.54,1015.34,0.9,0.99
2025-01-05T19:10:00.0000000Z,7.82,9.01,10.11,211.9,220.4,4.83,1016.5,0.92,0.99
2025-01-05T19:20:00.0000000Z,7.47,8.66,9.76,211.6,220.4,4.87,1015.35,0.87,1.03
2025-01-05T19:30:00.0000000Z,7.48,8.32,9.42,211.5,218.5,5.38,1015.96,0.76,0.7
2025-01-05T19:40:00.0000000Z,7.51,8.69,9.78,217.1,224.4,5.06,1016.45,0.71,1.09
2025-01-05T19:50:00.0000000Z,7.92,8.94,10.03,219.5,227.5,4.84,1015.4,0.87,0.88
2025-01-05T20:00:00.0000000Z,7.94,8.86,9.94,221.5,228.2,4.55,1015.41,0.92,0.93
2025-01-05T20:10:00.0000000Z,8.23,9.3,10.37,218.7,224.2,4.15,1015.47,0.94,0.78
2025-01-05T20:20:00.0000000Z,8,8.89,9.95,221.8,229.4,4.48,1015.46,0.59,0.79
2025-01-05T20:30:00.0000000Z,8.12,9.04,10.09,217,221.2,4.85,1015,0.69,1.03
2025-01-05T20:40:00.0000000Z,8.02,9.05,10.09,225.4,233.2,5.24,1014.94,0.94,1
2025-01-05T20:50:00.0000000Z,7.89,9.06,10.09,222.3,226.3,4.74,1015.08,0.97,0.78
2025-01-05T21:00:00.0000000Z,8.24,9.19,10.2,218.7,224.6,5.08,1015.07,0.69,0.74
2025-01-05T21:10:00.0000000Z,7.98,8.96,9.95,225.7,230,4.47,1016.26,0.64,1.06
2025-01-05T21:20:00.0000000Z,8.1,9.14,10.12,226.1,232.9,4.92,1015.24,0.85,0.84
2025-01-05T21:30:00.0000000Z,8.11,9.27,10.23,222.5,228.4,5.54,1014.93,0.58,0.86
2025-01-05T21:40:00.0000000Z,8.11,9.23,10.17,221.6,226.1,5.85,1014.76,0.7,0.75
2025-01-05T21:50:00.0000000Z,8.06,9.13,10.06,222.3,227.7,4.9,1016.18,0.87,0.77
2025-01-05T22:00:00.0000000Z,8.33,9.39,10.3,224.4,232.7,5.09,1015.52,0.55,0.82
2025-01-05T22:10:00.0000000Z,8.31,9.39,10.28,227.4,235.1,5.75,1014.64,0.81,0.66
2025-01-05T22:20:00.0000000Z,8.11,9.04,9.91,224.4,230,5.51,1014.8,0.58,0.78
2025-01-05T22:30:00.0000000Z,8.02,9.04,9.89,219.2,227.3,6.18,1015.31,0.68,0.87
2025-01-05T22:40:00.0000000Z,7.95,8.8,9.64,222.7,227.1,5.72,1015.11,0.67,1.04
2025-01-05T22:50:00.0000000Z,8.28,9.45,10.27,220.1,225.1,5.24,1015.77,0.84,0.73
2025-01-05T23:00:00.0000000Z,7.83,8.75,9.55,224.2,233.4,5.47,1015.19,0.96,0.91
2025-01-05T23:10:00.0000000Z,8.08,8.99,9.78,219.7,227.9,5.8,1014.95,0.83,0.74
2025-01-05T23:20:00.0000000Z,7.93,8.9,9.67,218.6,225.7,6.13,1015.21,0.85,0.63
2025-01-05T23:30:00.0000000Z,7.67,8.79,9.55,218.4,225.4,6.72,1015.84,0.69,0.87
2025-01-05T23:40:00.0000000Z,8.13,9.3,10.05,218.6,225.6,6.61,1014.94,0.74,0.98
2025-01-05T23:50:00.0000000Z,7.66,8.85,9.59,216.6,221.5,7.19,1015.12,0.82,0.83
2025-01-06T00:00:00.0000000Z,7.65,8.49,9.22,218.6,226.4,6.46,1014.3,0.93,0.89
2025-01-06T00:10:00.0000000Z,7.78,8.89,9.61,217.9,223.9,7.57,1014.74,0.94,0.95
2025-01-06T00:20:00.0000000Z,7.92,9.09,9.8,216.6,222.7,7.4,1014.16,0.87,1.09
2025-01-06T00:30:00.0000000Z,7.26,8.32,9.03,210.4,217.1,6.46,1014.79,0.63,0.85
2025-01-06T00:40:00.0000000Z,7.3,8.1,8.8,208.2,216.1,6.72,1015,0.65,0.99
2025-01-06T00:50:00.0000000Z,7.16,8.36,9.06,213.5,222.3,7.61,1013.86,0.91,1
2025-01-06T01:00:00.0000000Z,7.08,8.19,8.89,205.4,215.2,8,1014.1,0.87,0.68
2025-01-06T01:10:00.0000000Z,7.17,8.29,8.99,208.6,216.5,8.26,1014.27,0.8,0.66
2025-01-06T01:20:00.0000000Z,7.22,8.15,8.85,202.2,211.9,7.49,1013.88,0.81,0.75
2025-01-06T01:30:00.0000000Z,7.18,7.99,8.7,202,210.6,7.73,1015.03,0.72,1.06
2025-01-06T01:40:00.0000000Z,7.2,8.2,8.92,201.4,207,7.99,1013.71,0.88,1.07
2025-01-06T01:50:00.0000000Z,6.77,7.58,8.3,199,204.9,7.71,1014.26,0.97,0.95
2025-01-06T02:00:00.0000000Z,6.76,7.86,8.59,196.8,202.6,9.22,1014.67,0.81,1.04
2025-01-06T02:10:00.0000000Z,6.51,7.66,8.4,196,204.5,9.48,1014.78,0.95,0.84
2025-01-06T02:20:00.0000000Z,6.56,7.64,8.39,199.7,205.7,8.22,1013.51,0.9,0.8
2025-01-06T02:30:00.0000000Z,6.56,7.44,8.21,196.8,201.9,9.77,1013.38,0.67,0.66
2025-01-06T02:40:00.0000000Z,6.17,7.2,7.98,191.9,199.1,9.58,1012.94,0.99,0.61
2025-01-06T02:50:00.0000000Z,6.57,7.56,8.36,187.8,194.5,10.11,1014.48,0.97,0.77
2025-01-06T03:00:00.0000000Z,6.01,7.12,7.93,194.5,200.5,10.04,1013.68,0.84,0.67
2025-01-06T03:10:00.0000000Z,6.41,7.53,8.36,191.2,199.6,9.35,1013.23,0.97,1.06
2025-01-06T03:20:00.0000000Z,6.12,6.98,7.83,189.2,195.7,10.2,1013.07,0.9,0.77
2025-01-06T03:30:00.0000000Z,6.09,7.2,8.06,185.3,192.7,9.79,1012.92,0.75,0.9
2025-01-06T03:40:00.0000000Z,5.73,6.65,7.53,180,185,10.2,1013.88,0.71,0.84
2025-01-06T03:50:00.0000000Z,6.03,6.9,7.8,183.9,193.3,10.37,1012.58,0.93,0.86
2025-01-06T04:00:00.0000000Z,5.73,6.59,7.51,185,193.8,10.49,1012.96,0.88,0.99
2025-01-06T04:10:00.0000000Z,5.32,6.34,7.28,181.5,191.5,,1012.07,0.96,0.91
2025-01-06T04:20:00.0000000Z,5.45,6.3,7.25,178.7,187.9,10.95,1013.16,0.79,0.95
2025-01-06T04:30:00.0000000Z,5.63,6.51,7.48,177.8,184.5,11.79,1013.27,0.99,0.83
2025-01-06T04:40:00.0000000Z,5.65,6.82,7.81,171.8,176.3,11.58,1012.77,0.68,0.97
2025-01-06T04:50:00.0000000Z,5.37,6.28,7.28,172.1,181.1,11.49,1012.13,0.69,1.01
2025-01-06T05:00:00.0000000Z,5.11,6.29,7.31,174.9,180.3,12.41,1013.1,0.62,1
2025-01-06T05:10:00.0000000Z,5.25,6.1,7.13,168.5,173.2,11.46,1011.75,0.99,0.67
2025-01-06T05:20:00.0000000Z,5.16,6.02,7.07,168,173.5,11.73,1012.65,0.6,0.95
2025-01-06T05:30:00.0000000Z,5.28,6.37,7.43,169.5,174,12.7,1012.3,0.72,0.81
2025-01-06T05:40:00.0000000Z,5.25,6.32,7.39,167.6,176.6,12.5,1012.25,0.85,1.08
2025-01-06T05:50:00.0000000Z,5.14,6.03,7.11,169.7,176.1,13.17,1011.08,0.86,0.75
2025-01-06T06:00:00.0000000Z,4.81,5.62,6.71,167.1,172.1,12.86,1010.79,0.89,0.81
2025-01-06T06:10:00.0000000Z,5.11,6.25,7.34,167.8,172.3,13.61,1010.68,0.64,1.05
2025-01-06T06:20:00.0000000Z,5.02,6.06,7.16,165.7,171.9,12.94,1010.71,0.91,1
2025-01-06T06:30:00.0000000Z,4.84,5.68,6.78,167.8,177,13.55,1011.6,0.57,0.94
2025-01-06T06:40:00.0000000Z,4.55,5.74,6.84,170.5,177.9,13.85,1010.57,0.6,1
2025-01-06T06:50:00.0000000Z,5.06,6.17,7.27,172.1,179,13.92,1011.12,0.68,0.94
2025-01-06T07:00:00.0000000Z,4.52,5.55,6.65,168.6,172.9,14.96,1010.53,0.65,0.67
2025-01-06T07:10:00.0000000Z,4.64,5.63,6.72,168.9,174.2,14.64,1011.42,0.57,0.67
2025-01-06T07:20:00.0000000Z,4.98,6.07,7.16,162.5,170.6,14.38,1010.82,0.76,0.87
2025-01-06T07:30:00.0000000Z,4.79,5.77,6.85,166.7,172.6,14.42,1010.15,0.76,1.05
2025-01-06T07:40:00.0000000Z,4.99,6.11,7.18,170.7,179.4,14.46,1011.25,0.89,0.95
2025-01-06T07:50:00.0000000Z,5,6.07,7.13,166,175.8,15.34,1010.96,0.66,0.62
2025-01-06T08:00:00.0000000Z,4.99,6.13,7.18,169.7,177.4,15.55,1010.31,0.74,0.8
2025-01-06T08:10:00.0000000Z,4.66,5.51,6.55,169.2,176,16.23,1010.68,0.99,1.06
2025-01-06T08:20:00.0000000Z,4.62,5.73,6.76,168,176.6,15.18,1009.42,0.58,1
2025-01-06T08:30:00.0000000Z,5.23,6.17,7.18,173.6,181.2,15.71,1009.71,0.56,0.88
2025-01-06T08:40:00.0000000Z,4.81,5.78,6.78,171.2,177,16.43,1010.21,0.72,0.69
2025-01-06T08:50:00.0000000Z,4.97,5.95,6.93,172.5,182.2,16.28,1009.1,0.93,1.04
2025-01-06T09:00:00.0000000Z,5.21,6.18,7.14,176.3,184.7,16.57,1009.31,1,0.83
2025-01-06T09:10:00.0000000Z,5.32,6.47,7.42,174.2,179.4,17.06,1009.81,0.61,0.92
2025-01-06T09:20:00.0000000Z,4.96,,6.69,171.3,178,16.61,1009.4,0.68,0.68
2025-01-06T09:30:00.0000000Z,5.21,6.1,7.01,173.4,181,17.25,1008.29,0.73,0.93
2025-01-06T09:40:00.0000000Z,5.33,6.14,7.03,179.6,188.6,17.31,1008.44,0.59,0.96
2025-01-06T09:50:00.0000000Z,5.36,6.22,7.09,177,185.5,16.95,1008.13,0.77,0.88
2025-01-06T10:00:00.0000000Z,5.36,6.17,7.03,181.5,187.9,16.88,1008.4,0.82,0.62
2025-01-06T10:10:00.0000000Z,5.34,6.46,7.3,177.6,183.1,17.15,1008.26,0.94,0.94
2025-01-06T10:20:00.0000000Z,5.62,6.82,7.64,182.5,190.5,18.55,1007.95,0.6,1.01
2025-01-06T10:30:00.0000000Z,5.97,6.99,7.79,177.1,181.9,17.54,1008.26,1,0.72
2025-01-06T10:40:00.0000000Z,5.94,7.07,7.86,181.4,188.8,17.87,1008.97,0.84,0.65
2025-01-06T10:50:00.0000000Z,5.84,6.98,7.75,186.8,195.2,19.03,1008.54,0.83,0.62
2025-01-06T11:00:00.0000000Z,5.84,6.98,7.74,184,189.1,18.47,1008.39,0.83,0.61
2025-01-06T11:10:00.0000000Z,6.31,7.12,7.87,187.5,194.3,18.46,1007.64,0.95,0.91
2025-01-06T11:20:00.0000000Z,6.34,7.17,7.91,189.4,195.1,18.15,1007.22,0.73,0.84
2025-01-06T11:30:00.0000000Z,6.15,7.18,7.91,188.4,192.8,19.04,1007.22,0.94,0.65
2025-01-06T11:40:00.0000000Z,6.6,7.78,8.5,196,201.9,18.66,1007.87,0.89,1.07
2025-01-06T11:50:00.0000000Z,6.25,7.16,7.87,195.4,200.9,19.18,1006.62,0.87,1.08
2025-01-06T12:00:00.0000000Z,6.82,7.65,8.36,199.8,209,18.98,1006.79,0.98,1.09
2025-01-06T12:10:00.0000000Z,6.59,7.7,8.4,200.5,210,19.46,1007.06,0.74,0.87
2025-01-06T12:20:00.0000000Z,6.51,7.46,8.16,199.1,205.7,19.64,1006.94,0.71,0.6
2025-01-06T12:30:00.0000000Z,6.71,7.74,8.44,196.1,205,19.82,1006.07,0.98,0.68
2025-01-06T12:40:00.0000000Z,7.12,8.04,8.74,197.6,204.7,19.6,1005.7,0.91,0.89
2025-01-06T12:50:00.0000000Z,6.7,7.85,8.55,206.9,213.8,20.47,1007.09,0.72,0.91
2025-01-06T13:00:00.0000000Z,7.3,8.14,8.85,200.7,205.7,20.07,1005.98,0.71,0.81
2025-01-06T13:10:00.0000000Z,7.3,8.47,9.18,206.4,214.9,19.58,1005.6,0.7,0.75
2025-01-06T13:20:00.0000000Z,7.45,8.52,9.24,203,208.6,20,1006.84,0.6,0.67
2025-01-06T13:30:00.0000000Z,7.38,8.56,9.29,208.1,216.5,20.4,1006.69,0.57,0.85
2025-01-06T13:40:00.0000000Z,7.24,8.23,8.97,214.8,222.1,19.51,1006.43,0.79,0.89
2025-01-06T13:50:00.0000000Z,7.77,8.84,9.59,214.6,221.6,20.23,1004.96,0.71,1.03
2025-01-06T14:00:00.0000000Z,7.61,8.64,9.41,214.3,220,20.78,1004.97,0.63,1.08
2025-01-06T14:10:00.0000000Z,7.94,9.12,9.9,214.8,222.8,20.95,1005.77,0.88,1.02
2025-01-06T14:20:00.0000000Z,7.95,8.77,9.56,215.5,224.1,19.98,1005.92,0.67,0.61
2025-01-06T14:30:00.0000000Z,7.56,8.55,9.36,214.2,222.9,19.9,1005.51,0.86,0.86
2025-01-06T14:40:00.0000000Z,7.91,8.94,9.77,213.8,218.4,20.13,1005.71,0.87,0.64
2025-01-06T14:50:00.0000000Z,7.78,8.58,9.42,218.6,223,20.16,1005.79,0.87,0.76
2025-01-06T15:00:00.0000000Z,8.21,9.4,10.26,220,226.6,20.63,1005.15,0.86,0.99
2025-01-06T15:10:00.0000000Z,7.88,8.94,9.82,216,221.9,21.11,1004.68,0.94,0.79
2025-01-06T15:20:00.0000000Z,7.91,8.74,9.64,215.8,221.5,20.62,1005.05,0.83,0.66
2025-01-06T15:30:00.0000000Z,7.98,8.97,9.89,220.6,225.6,20.26,1004.14,0.91,0.73
2025-01-06T15:40:00.0000000Z,8.27,9.07,10,225.1,229.8,21.45,1004.14,0.56,0.62
2025-01-06T15:50:00.0000000Z,8.37,9.32,10.27,224.8,232.2,20.94,1004.28,0.67,1.06
2025-01-06T16:00:00.0000000Z,7.95,8.82,9.79,225.2,230.1,21.24,1004.25,0.94,0.75
2025-01-06T16:10:00.0000000Z,8.09,9.09,10.08,218.5,222.6,20.18,1004.31,0.81,0.66
2025-01-06T16:20:00.0000000Z,8.39,9.54,10.54,223.3,232.1,20.78,1004.65,0.73,0.62
2025-01-06T16:30:00.0000000Z,7.92,8.73,9.75,222,226.4,21.26,1003.29,0.77,1.08
2025-01-06T16:40:00.0000000Z,8.02,9.04,10.07,218.3,222.4,20.58,1004.31,0.75,0.77
2025-01-06T16:50:00.0000000Z,7.98,9.01,10.05,225.6,232.5,20.19,1003.05,0.96,0.79
2025-01-06T17:00:00.0000000Z,8.37,9.44,10.5,225.2,233.8,21.18,1003.79,0.73,0.8
2025-01-06T17:10:00.0000000Z,8.34,9.44,10.51,218.6,227.4,19.93,1004.29,0.75,0.75
2025-01-06T17:20:00.0000000Z,7.87,8.72,9.8,225.4,232.9,20.59,1003.78,0.87,0.69
2025-01-06T17:30:00.0000000Z,8.1,8.98,10.06,223.6,233.3,21.31,1004.36,0.94,0.61
2025-01-06T17:40:00.0000000Z,7.87,8.68,9.77,219.1,224.2,20.25,1003.9,0.6,0.97
2025-01-06T17:50:00.0000000Z,7.85,8.9,10,218.4,226.3,20.58,1003.65,0.7,0.77
2025-01-06T18:00:00.0000000Z,7.81,8.79,9.89,219.8,223.9,19.99,1003.04,0.96,0.72
2025-01-06T18:10:00.0000000Z,8.26,9.28,10.38,217.8,225.6,20.85,1003.18,0.74,1.02
2025-01-06T18:20:00.0000000Z,8.17,9,10.1,220.8,224.8,20.37,1002.76,1,0.75
2025-01-06T18:30:00.0000000Z,7.6,8.43,9.53,217.4,226.5,19.96,1002.35,0.83,1
2025-01-06T18:40:00.0000000Z,8.06,8.99,10.08,220.3,227.5,20.15,1003.68,0.92,0.99
2025-01-06T18:50:00.0000000Z,7.54,8.35,9.44,213.2,221.7,19.96,1002.96,0.96,0.94
2025-01-06T19:00:00.0000000Z,7.54,8.51,9.59,217.5,224.4,20.66,1002.59,0.91,1.03
2025-01-06T19:10:00.0000000Z,7.61,8.47,9.54,208.8,213.5,20.52,1002.05,0.97,1.04
2025-01-06T19:20:00.0000000Z,7.83,8.84,9.9,215.1,221.9,20.03,1003.49,0.71,0.62
2025-01-06T19:30:00.0000000Z,7.34,8.51,9.56,215.3,222.3,19.05,1002.27,0.95,0.86
2025-01-06T19:40:00.0000000Z,7.21,8.32,9.36,211.4,220.7,19.38,1002.01,0.95,0.88
2025-01-06T19:50:00.0000000Z,7.36,8.55,9.58,204.4,210.3,20.07,1002.97,0.95,0.63
2025-01-06T20:00:00.0000000Z,7.01,7.95,8.96,210.5,219.8,19.8,1002.45,0.58,0.76
2025-01-06T20:10:00.0000000Z,6.9,7.99,8.99,203.2,213.2,19.22,1002.13,0.92,0.71
2025-01-06T20:20:00.0000000Z,6.93,7.92,8.9,209.2,213.9,19.1,1001.62,0.8,1
2025-01-06T20:30:00.0000000Z,7.07,7.95,8.92,207.4,215.3,19.58,1001.57,0.63,0.88
2025-01-06T20:40:00.0000000Z,6.62,7.76,8.71,200.5,208.6,18.88,,0.91,0.96
2025-01-06T20:50:00.0000000Z,6.93,7.86,8.79,203.2,210.7,19.46,1003,0.61,0.72
2025-01-06T21:00:00.0000000Z,6.49,7.63,8.54,194.1,200.3,19.06,1002.75,0.83,0.63
2025-01-06T21:10:00.0000000Z,6.79,7.59,8.48,194.4,201.6,18.59,1002.05,0.77,0.61
2025-01-06T21:20:00.0000000Z,6.54,7.61,8.49,199.9,207.4,19.03,1001.56,0.9,0.73
2025-01-06T21:30:00.0000000Z,6.54,7.44,8.3,192.9,197.5,17.87,1003.01,0.95,0.98
2025-01-06T21:40:00.0000000Z,6.08,7.16,8,192.5,202.3,18.86,1002.7,0.92,0.74
2025-01-06T21:50:00.0000000Z,6.07,7,7.82,194.7,201.3,18.39,1001.65,0.64,0.75
2025-01-06T22:00:00.0000000Z,6.34,7.46,8.27,184.7,190.1,18.5,1002.15,0.71,1.09
2025-01-06T22:10:00.0000000Z,5.8,6.92,7.71,189.4,196.3,17.47,1002.08,0.93,1
2025-01-06T22:20:00.0000000Z,5.73,6.73,7.51,185.8,194.7,18.1,1002.07,0.57,0.96
2025-01-06T22:30:00.0000000Z,6.09,7.16,7.92,183.3,190.7,17,1001.71,0.77,0.82
2025-01-06T22:40:00.0000000Z,5.52,6.36,7.11,181.2,187.7,17.85,1002.27,0.92,0.87
2025-01-06T22:50:00.0000000Z,5.61,6.63,7.37,185.7,190.7,16.51,1001.67,0.97,0.95
2025-01-06T23:00:00.0000000Z,5.62,6.46,7.19,178.7,184.2,17.31,1001.73,0.74,0.74
2025-01-06T23:10:00.0000000Z,5.69,6.62,7.34,178,183.6,16.22,1002.44,0.88,0.97
2025-01-06T23:20:00.0000000Z,5.35,6.25,6.96,177.3,182.8,16.13,1001.78,0.95,0.82
2025-01-06T23:30:00.0000000Z,5.5,6.67,7.38,176.5,182.5,16.57,1002.61,0.81,0.86
2025-01-06T23:40:00.0000000Z,5.47,6.54,7.24,171.3,176.2,15.46,1001.43,0.84,0.93
2025-01-06T23:50:00.0000000Z,5.37,6.57,7.27,176.3,183.8,15.67,1002,0.71,0.88
2025-01-07T00:00:00.0000000Z,5.38,6.24,6.94,177,186.5,16.41,1002.24,0.75,0.63
2025-01-07T00:10:00.0000000Z,4.96,6.11,6.81,173.3,182.5,16.23,1001.16,0.84,1.03
2025-01-07T00:20:00.0000000Z,5.24,6.38,7.08,171.9,179,15.74,1002.05,0.87,0.64
2025-01-07T00:30:00.0000000Z,5.09,6.2,6.91,171.4,176.8,15.6,1001.53,0.62,0.66
2025-01-07T00:40:00.0000000Z,5.03,6.2,6.91,170.4,177.4,14.35,1002.2,0.82,0.63
2025-01-07T00:50:00.0000000Z,4.78,5.58,6.3,173.9,178.8,15.09,1002.42,0.89,0.9
2025-01-07T01:00:00.0000000Z,4.82,5.95,6.68,172,178.6,13.96,1002.55,0.93,0.71
2025-01-07T01:10:00.0000000Z,4.84,5.95,6.69,166.4,171.2,13.91,1001.44,0.7,1.06
2025-01-07T01:20:00.0000000Z,4.98,5.96,6.71,165.8,175.7,14.35,1001.33,0.92,0.65
2025-01-07T01:30:00.0000000Z,4.69,,6.44,165.5,173.7,14.27,1002.1,0.74,1.01
2025-01-07T01:40:00.0000000Z,4.53,5.72,6.5,171.1,180.6,13.83,1002.43,0.59,0.97
2025-01-07T01:50:00.0000000Z,4.55,5.48,6.27,162.8,168.4,13.44,1001.98,0.97,0.6
2025-01-07T02:00:00.0000000Z,4.91,5.72,6.53,166.4,171.6,13.45,1002.55,0.57,0.71
2025-01-07T02:10:00.0000000Z,4.5,5.59,6.42,163.7,171,13.34,1001.45,0.81,1.04
2025-01-07T02:20:00.0000000Z,4.72,5.71,6.55,163.3,168.3,12.83,1001.95,0.75,1.09
2025-01-07T02:30:00.0000000Z,4.73,5.75,6.61,171.4,176.8,12.24,1002.27,0.89,0.99
2025-01-07T02:40:00.0000000Z,4.86,5.78,6.66,162.7,170.3,12.11,1001.68,0.7,0.72
2025-01-07T02:50:00.0000000Z,5.11,6.18,7.08,172,180.5,12.56,1002.29,0.64,1.07
2025-01-07T03:00:00.0000000Z,5.02,5.9,6.81,172.3,181.4,12.04,1002.75,0.85,0.74
2025-01-07T03:10:00.0000000Z,4.95,5.93,6.86,172.2,181.8,12.61,1002.86,0.62,0.82
2025-01-07T03:20:00.0000000Z,5.21,6.16,7.11,164.5,170,11.31,1003.23,0.89,0.67
2025-01-07T03:30:00.0000000Z,4.77,5.92,6.89,167.4,175.4,11.66,1002.77,0.75,1.02
2025-01-07T03:40:00.0000000Z,4.94,6.13,7.11,170.9,180.2,11.72,1003.19,0.75,0.99
2025-01-07T03:50:00.0000000Z,5.16,6.25,7.25,166.9,174.9,11.1,1002.34,0.73,0.66
2025-01-07T04:00:00.0000000Z,5.15,6.14,7.16,175.6,180.6,11.13,1003.37,0.92,0.97
2025-01-07T04:10:00.0000000Z,5.16,6.26,7.29,175.6,182.4,10.95,1003.51,0.91,1.04
2025-01-07T04:20:00.0000000Z,4.96,5.76,6.8,175.3,184.6,10.39,1002.25,0.9,0.62
2025-01-07T04:30:00.0000000Z,5.59,6.48,7.54,176.8,183.1,11.19,1001.98,0.9,0.97
2025-01-07T04:40:00.0000000Z,5.38,6.22,7.29,173.3,177.4,10.91,1002.37,0.69,0.8
2025-01-07T04:50:00.0000000Z,5.26,6.36,7.44,177.4,186.8,9.67,1003.72,0.66,0.91
2025-01-07T05:00:00.0000000Z,5.81,6.67,7.75,180.8,187,,1002.94,0.92,0.73
2025-01-07T05:10:00.0000000Z,5.73,6.83,7.92,177.8,183.6,9.49,1002.86,0.91,0.78
2025-01-07T05:20:00.0000000Z,5.99,7.18,8.27,186.7,193.3,10.08,1003.56,0.99,0.98
2025-01-07T05:30:00.0000000Z,5.91,6.78,7.88,185.5,192.7,9.87,1003.82,0.93,1.08
2025-01-07T05:40:00.0000000Z,6.16,7.36,8.46,184.1,192.9,9.1,1003.04,0.96,1.09
2025-01-07T05:50:00.0000000Z,5.83,6.99,8.09,184.4,189.2,8.33,1002.4,0.58,0.97
2025-01-07T06:00:00.0000000Z,6.33,7.17,8.27,191.8,197.1,8.1,1003.93,0.9,0.68
2025-01-07T06:10:00.0000000Z,5.95,7.11,8.2,190.8,198.7,9.12,1003.06,0.74,1
2025-01-07T06:20:00.0000000Z,6.49,7.4,8.49,188.8,194.8,9.23,1002.61,0.97,0.89
2025-01-07T06:30:00.0000000Z,6.07,6.87,7.95,188.7,198.3,8.27,1004.21,0.87,0.95
2025-01-07T06:40:00.0000000Z,6.19,7.38,8.46,194.5,202.9,8.88,1003.91,0.98,0.68
2025-01-07T06:50:00.0000000Z,6.35,7.26,8.33,196.6,203.7,8.39,1003.34,0.63,1.09
2025-01-07T07:00:00.0000000Z,6.6,7.61,8.67,194.1,202.7,8.15,1004.28,0.89,1.08
2025-01-07T07:10:00.0000000Z,6.51,7.45,8.49,195,205,7.96,1004.56,0.87,0.76
2025-01-07T07:20:00.0000000Z,6.62,7.81,8.84,200.3,209.2,7.88,1004.38,0.92,0.74
2025-01-07T07:30:00.0000000Z,6.78,7.64,8.66,197.8,206,7.21,1003.94,0.92,1
2025-01-07T07:40:00.0000000Z,7.18,8.04,9.04,202.7,212.3,7.43,1005.04,1,0.79
2025-01-07T07:50:00.0000000Z,6.92,7.96,8.94,205.1,212.9,7.07,1005.14,0.77,0.78
2025-01-07T08:00:00.0000000Z,7.21,8.13,9.1,204.3,213,7.32,1004.17,0.67,0.99
2025-01-07T08:10:00.0000000Z,7.37,8.55,9.5,206.8,214.1,7,1003.7,0.81,0.98
2025-01-07T08:20:00.0000000Z,7.34,8.28,9.21,205.4,212.5,6.51,1005.09,0.87,0.72
2025-01-07T08:30:00.0000000Z,7.7,8.57,9.48,210.8,215.5,6.02,1004.16,0.91,0.78
2025-01-07T08:40:00.0000000Z,7.59,8.69,9.59,207.5,212,5.79,1003.98,0.58,0.83
2025-01-07T08:50:00.0000000Z,7.81,8.89,9.77,209.9,218,6.33,1004.82,0.89,0.69
2025-01-07T09:00:00.0000000Z,7.35,8.47,9.33,210,214.8,6.65,1005.88,0.99,1.01
2025-01-07T09:10:00.0000000Z,7.76,8.6,9.44,218,225.4,6.53,1004.48,0.84,0.85
2025-01-07T09:20:00.0000000Z,7.55,8.39,9.22,219.8,228.9,6.64,1005.23,0.87,0.84
2025-01-07T09:30:00.0000000Z,7.71,8.79,9.6,218.1,226.2,5.94,1004.48,0.88,0.86
2025-01-07T09:40:00.0000000Z,7.83,8.79,9.58,213.9,219.9,5.14,1005.77,0.8,0.94
2025-01-07T09:50:00.0000000Z,8.11,9.03,9.81,218.8,228.6,5.28,1005.54,0.85,0.98
2025-01-07T10:00:00.0000000Z,7.72,8.81,9.57,220,226.5,5.68,1006.4,0.66,0.86
2025-01-07T10:10:00.0000000Z,7.79,8.85,9.6,223.6,228.2,5.3,1005.43,0.67,0.88
2025-01-07T10:20:00.0000000Z,8,8.91,9.65,217.5,223.9,4.74,1005.55,0.74,0.83
2025-01-07T10:30:00.0000000Z,8.13,9.01,9.74,217.2,225,6.09,1006.45,0.66,1
2025-01-07T10:40:00.0000000Z,7.85,8.99,9.71,223.3,232.2,5.22,1005.79,0.99,0.85
2025-01-07T10:50:00.0000000Z,7.94,8.97,9.68,219.7,226.3,5.71,1006.17,0.69,0.84
2025-01-07T11:00:00.0000000Z,7.9,9.07,9.78,223.4,233.1,4.87,1005.95,0.87,0.97
2025-01-07T11:10:00.0000000Z,8.07,8.91,9.61,226.5,232.7,5.56,1006.69,0.79,0.78
2025-01-07T11:20:00.0000000Z,8.14,8.96,9.66,218.6,225.6,5.27,1006.54,0.59,0.64
2025-01-07T11:30:00.0000000Z,8.09,9.15,9.85,220.6,227.4,4.32,1005.84,0.83,0.64
2025-01-07T11:40:00.0000000Z,8.42,9.46,10.16,224,228.4,4.41,1006.48,0.76,0.98
2025-01-07T11:50:00.0000000Z,7.98,9.14,9.84,223,229.3,4.79,1007.17,0.86,0.87
2025-01-07T12:00:00.0000000Z,7.91,9.06,9.77,217.8,226.6,4.69,1007.66,0.91,0.89
2025-01-07T12:10:00.0000000Z,8.36,9.36,10.07,223.6,231.6,4.09,1006.75,0.86,0.75
2025-01-07T12:20:00.0000000Z,8.12,9.23,9.95,221.8,227.1,4.07,1007.28,0.64,0.66
2025-01-07T12:30:00.0000000Z,8.14,9.06,9.79,220.1,228.7,5.45,1007.86,0.84,0.95
2025-01-07T12:40:00.0000000Z,8.36,9.45,10.19,220.2,225.3,5.49,1008.18,0.87,0.63
2025-01-07T12:50:00.0000000Z,8.22,9.03,9.78,217.5,225.4,5,1008.28,0.89,1.05
2025-01-07T13:00:00.0000000Z,7.82,8.71,9.47,223.7,231.6,4.19,1007.8,0.78,0.89
2025-01-07T13:10:00.0000000Z,8.05,9.21,9.99,216.2,220.7,4.68,1007.14,0.83,0.66
2025-01-07T13:20:00.0000000Z,8.12,9.29,10.08,219.9,225.6,5.23,1008.11,0.69,0.92
2025-01-07T13:30:00.0000000Z,7.59,8.56,9.37,216.2,226.1,4.38,1008.33,0.75,0.98
2025-01-07T13:40:00.0000000Z,7.81,8.79,9.61,216.7,225.1,5.24,1009.22,0.81,0.85
2025-01-07T13:50:00.0000000Z,7.54,8.67,9.51,215,219.5,4.93,1008.68,0.83,0.98
2025-01-07T14:00:00.0000000Z,7.59,8.43,9.29,216.6,225,4.25,1008.54,0.59,0.95
2025-01-07T14:10:00.0000000Z,7.82,8.73,9.61,213.4,221.6,4.2,1008.79,0.7,0.66
2025-01-07T14:20:00.0000000Z,7.48,8.48,9.37,211.9,221.8,4.86,1009.58,0.69,1.04
2025-01-07T14:30:00.0000000Z,7.32,8.2,9.11,206,215.9,4.19,1008.51,0.58,0.83
2025-01-07T14:40:00.0000000Z,7.52,8.58,9.51,209.7,214.6,5.41,1009.49,0.83,0.64
2025-01-07T14:50:00.0000000Z,7.18,8.32,9.27,210.7,217.9,4.89,1009.92,0.75,0.94
2025-01-07T15:00:00.0000000Z,7.17,8.12,9.09,207.3,211.9,4.45,1009.59,0.68,0.85
2025-01-07T15:10:00.0000000Z,7.25,8.4,9.38,203.7,213.2,4.96,1008.78,0.86,0.94
2025-01-07T15:20:00.0000000Z,6.82,7.66,8.66,207.2,213.6,5.87,1009.06,0.7,0.97
2025-01-07T15:30:00.0000000Z,7.12,8.1,9.11,202.8,210.5,4.65,1010.26,0.76,0.83
2025-01-07T15:40:00.0000000Z,6.97,7.93,8.96,200,207.8,5.52,1010.7,0.72,0.69
2025-01-07T15:50:00.0000000Z,6.65,7.49,8.53,197.4,206.8,5.13,1010.37,0.87,0.74
2025-01-07T16:00:00.0000000Z,6.43,7.29,8.34,195.3,201.1,6.22,1009.29,0.88,0.75
2025-01-07T16:10:00.0000000Z,6.26,7.41,8.47,192.9,200.6,4.85,1010.54,0.74,1.09
2025-01-07T16:20:00.0000000Z,6.38,7.56,8.63,190.6,200.5,5.86,1009.59,0.58,0.72
2025-01-07T16:30:00.0000000Z,6.48,7.57,8.65,187.7,196.8,6.25,1010.38,0.75,0.67
2025-01-07T16:40:00.0000000Z,6.4,7.34,8.43,190.3,200,5.82,1010.02,0.77,0.96
2025-01-07T16:50:00.0000000Z,6.26,7.13,8.22,190.2,198.7,6.31,1011.22,0.63,0.96
2025-01-07T17:00:00.0000000Z,6.17,7.12,8.22,187.7,193.8,6.16,1011.27,0.84,0.65
2025-01-07T17:10:00.0000000Z,5.72,6.55,7.65,187.2,192.7,5.47,1011.67,0.77,0.91
2025-01-07T17:20:00.0000000Z,5.84,6.68,7.78,188.6,196.5,5.9,1011.05,0.79,0.72
2025-01-07T17:30:00.0000000Z,5.78,6.76,7.86,181.4,188,6.41,1010.9,0.79,1.08
2025-01-07T17:40:00.0000000Z,5.74,,7.77,178.8,185.4,7.24,1010.61,0.82,0.61
2025-01-07T17:50:00.0000000Z,5.75,6.69,7.78,184.3,190.6,6.83,1010.97,0.87,1
2025-01-07T18:00:00.0000000Z,5.66,6.85,7.93,177.5,185.2,7.42,1011.62,0.77,0.7
2025-01-07T18:10:00.0000000Z,5.69,6.59,7.67,182,186.6,6.86,1011.18,0.83,0.98
2025-01-07T18:20:00.0000000Z,5.43,6.48,7.55,179,187.2,7.4,1011.03,0.85,0.77
2025-01-07T18:30:00.0000000Z,5.32,6.46,7.52,180.3,189.5,7.41,1011.31,0.85,0.72
2025-01-07T18:40:00.0000000Z,5.4,6.4,7.44,177.1,184.1,8.14,1012.78,0.58,0.61
2025-01-07T18:50:00.0000000Z,5.39,6.58,7.61,174.3,182.5,7.09,1012.17,0.82,0.84
2025-01-07T19:00:00.0000000Z,5.27,6.11,7.13,175.9,185.7,7.72,1011.42,0.6,0.91
2025-01-07T19:10:00.0000000Z,4.97,6.16,7.16,168.1,172.4,7.95,1012.61,0.82,0.95
2025-01-07T19:20:00.0000000Z,5.09,6.15,7.14,169.7,179.3,7.96,1011.83,0.89,0.92
2025-01-07T19:30:00.0000000Z,5.03,6.11,7.08,173.9,182.2,8.16,1013.43,0.61,1.09
2025-01-07T19:40:00.0000000Z,4.79,5.78,6.73,166,173,8.08,1013.07,0.88,0.95
2025-01-07T19:50:00.0000000Z,4.85,5.7,6.63,165.7,169.8,8.92,1011.94,0.76,0.7
2025-01-07T20:00:00.0000000Z,4.8,5.95,6.87,164.6,171.9,8.12,1013.24,0.56,0.89
2025-01-07T20:10:00.0000000Z,4.76,5.64,6.54,166.9,175.8,8.33,1012.81,0.61,0.78
2025-01-07T20:20:00.0000000Z,5.04,5.9,6.78,170.6,175.1,8.99,1012.41,0.72,1.04
2025-01-07T20:30:00.0000000Z,5.07,6.14,7,167.6,173.6,9.88,1013.68,0.94,0.87
2025-01-07T20:40:00.0000000Z,4.65,5.72,6.56,165.6,173.3,9.9,1013.5,0.94,0.88
2025-01-07T20:50:00.0000000Z,4.77,5.8,6.63,163.7,168.5,9.28,1014.18,0.8,0.61
2025-01-07T21:00:00.0000000Z,5.1,6.23,7.04,163.8,171.6,9.32,1013.3,0.88,0.74
2025-01-07T21:10:00.0000000Z,4.8,5.7,6.49,168.4,175.1,9.42,1013.97,0.84,0.89
2025-01-07T21:20:00.0000000Z,4.71,5.85,6.63,168.1,174.9,9.44,1013.74,0.78,0.72
2025-01-07T21:30:00.0000000Z,4.7,5.6,6.37,168.9,178.2,10.98,1013.36,0.81,1.1
2025-01-07T21:40:00.0000000Z,4.62,5.63,6.38,166.2,170.9,10.62,1013.43,0.7,1.03
2025-01-07T21:50:00.0000000Z,5.15,5.98,6.72,164.6,172.2,11.41,1013.84,0.74,0.98
2025-01-07T22:00:00.0000000Z,5.17,6.2,6.93,171.8,178.5,10.66,1013.34,0.99,0.84
2025-01-07T22:10:00.0000000Z,4.83,6.01,6.73,167.8,177.6,11.46,1014.76,0.7,0.71
2025-01-07T22:20:00.0000000Z,5.08,6.13,6.84,168.2,176,11.08,1014.27,0.56,0.64
2025-01-07T22:30:00.0000000Z,5.03,6.12,6.83,170.7,180.4,11.33,1015.07,0.67,1.03
